mortality_trend,cohort_effect,smoking_index,crude_rate,premium_band,postcode_score,tenure_months,marketing_segment,contact_recency,web_logins,paperless_score,call_centre_index,app_sessions,survey_score,annuity_60,life_exp_60,survival_to_80
2.7594,-0.0681,-0.9459,0.391,-1.1,7.339,-5.829,-9.734,-12.234,12.358,9.617,9.022,-3.933,0.654,3.2783,1.1098,-1.3589
0.854,0.5958,-1.1627,6.486,1.992,-10.12,9.292,-2.538,-7.373,10.641,-1.5,-9.826,11.362,6.136,1.6745,2.2153,-0.9814
0.7202,0.149,0.9941,-1.226,5.06,-4.334,-6.118,5.929,3.836,-6.506,-5.903,1.008,24.186,1.366,1.0539,-0.3828,1.4747
1.5941,0.314,0.4683,9.925,-8.514,-12.152,5.489,-0.386,7.3,-0.677,-2.411,-11.853,3.286,-13.723,2.2663,-0.0201,0.8178
1.8795,1.8513,1.5065,0.865,-12.367,-1.045,-7.209,-1.336,-5.248,-4.572,-2.272,1.499,-0.248,2.305,4.7545,1.4536,1.8702
0.5883,1.3291,-1.0051,-7.16,9.357,8.42,-4.706,-3.325,-2.872,3.833,-5.298,4.918,-3.114,-7.119,2.0346,2.6342,-0.8149
0.0835,0.5961,1.708,-7.718,-2.488,-4.223,-4.63,-1.121,-4.824,-2.725,-9.23,6.657,1.417,-3.931,0.5565,0.2367,1.9729
-1.5969,-0.1761,-0.3387,2.137,4.678,0.249,14.767,-0.458,-0.629,-1.032,-18.057,1.415,-13.027,-1.984,-2.0374,0.0905,-2.305
0.2635,-0.552,0.5893,-1.889,-0.758,-2.912,9.965,16.878,-0.334,8.284,-8.239,2.96,2.967,3.807,-0.1493,-0.8465,0.7957
-0.2927,-1.8683,-1.8828,2.275,-16.696,10.589,-0.465,-3.227,3.125,3.32,-1.506,-2.799,-2.554,-10.072,-1.6989,1.1768,-2.3201
-0.3153,-0.1278,-1.0645,2.74,-15.399,-4.781,6.826,9.936,-6.571,-2.762,1.639,-5.561,-13.811,8.451,-0.4695,1.2902,-1.3992
-0.754,0.1563,-3.1502,-1.715,8.313,-11.878,-2.111,-11.296,-15.796,-4.736,-0.279,1.426,0.15,-5.93,-0.8335,6.956,-4.1507
-0.6204,-0.0609,0.031,2.16,-6.066,-0.663,-6.874,-4.109,9.304,11.318,10.107,-1.427,-6.916,26.161,-0.736,-0.1185,-0.5202
-0.7466,-0.7095,-0.5679,0.119,-15.101,1.072,-6.844,-8.769,2.248,-1.051,4.33,3.827,-10.323,-14.93,-1.2482,-0.154,-1.331
-2.3238,0.4765,-0.2152,0.821,7.863,1.521,-0.984,-2.876,3.479,0.887,-16.795,0.531,-5.192,-1.102,-2.8437,0.7353,-3.5634
-0.8123,0.2347,0.1392,5.288,-3.412,2.376,9.931,-5.411,-2.09,9.143,-3.533,-0.021,-1.373,3.37,-0.8217,0.1243,-0.617
-0.708,1.2272,0.0814,0.432,-8.332,-7.391,-5.516,3.86,9.3,7.401,-7.615,4.289,8.412,-7.694,-0.0444,1.0902,-0.5348
0.5973,0.8725,-1.5625,-2.923,5.019,-16.856,6.537,-3.942,-5.927,-7.768,-6.174,3.367,11.9,-2.35,1.584,3.283,-1.3705
-0.582,0.1159,0.4004,1.828,-5.975,1.739,-3.475,4.966,1.215,-11.276,3.918,16.234,9.979,4.824,-0.6524,-0.2221,-0.1547
1.3664,-1.4513,-1.0959,1.672,16.247,-1.233,-3.929,4.818,-2.615,-13.366,18.802,4.878,-12.695,12.388,-0.1365,0.0121,-0.8646
1.1265,0.6196,0.5078,3.356,1.73,8.677,7.733,9.77,6.548,7.456,-1.773,25.733,9.525,-4.242,2.0454,0.2425,0.9226
1.1988,-1.1067,-0.007,-0.705,4.093,-6.309,-4.421,-4.685,8.122,10.883,1.554,5.196,-4.972,6.586,0.2416,-1.1037,0.3676
-0.171,-0.9525,1.6196,0.922,-5.185,2.988,0.713,-4.355,0.227,-5.422,12.222,1.634,-10.783,-0.565,-0.9675,-1.3487,1.6526
-1.3014,0.9749,-0.5107,-0.842,-1.824,20.627,-6.476,-0.224,-5.215,3.264,-10.741,5.324,-2.19,10.029,-1.1355,1.4674,-1.9806
0.9914,1.3905,-1.0522,-7.545,-7.185,2.672,-9.967,14.501,10.994,7.752,7.923,-10.856,9.572,5.945,2.7914,2.7759,-0.7826
-0.2219,-1.0667,-0.4849,9.835,3.544,-4.846,-3.244,-8.967,-7.667,-11.52,1.615,7.641,-11.017,8.652,-1.0454,-0.569,-0.6821
0.6509,1.1466,0.1124,-1.51,-11.186,7.897,-6.928,-4.474,7.361,-8.399,7.094,-0.523,-11.49,5.324,1.9157,1.076,0.4075
-1.7757,-0.2561,-0.2615,-7.749,3.363,0.034,-12.859,1.722,13.526,-0.911,-14.9,9.819,-10.313,-2.114,-2.1949,0.0305,-2.4829
-0.8064,-2.094,-0.2125,0.149,-0.483,7.96,-4.651,-8.99,-0.279,-4.922,-7.287,-2.056,-15.349,-2.089,-2.0984,-1.8534,-0.9701
2.4474,-0.2381,0.1234,1.138,1.479,-16.096,-5.987,-8.625,-5.411,-0.22,-6.053,-3.626,-1.57,9.946,2.5705,-0.2936,0.0068
-1.1469,1.332,-0.6163,1.67,-3.034,15.888,-4.819,-10.775,17.993,3.335,-10.43,4.296,15.98,3.834,-0.7283,2.036,-1.9193
2.4857,-0.1363,-0.4545,0.548,2.007,-3.633,-5.938,0.99,-9.664,9.949,-0.176,8.676,0.044,-8.54,2.7605,0.3819,-0.5718
0.1098,-0.8033,-0.7736,3.847,7.115,-6.474,5.479,1.929,0.571,-5.214,15.182,-7.754,3.508,-7.456,-0.5917,0.1161,-0.8135
1.2501,0.9249,1.7992,1.398,-16.53,-8.299,-2.733,4.251,-6.197,-17.587,6.909,3.685,-7.527,2.773,2.5279,0.638,2.3598
0.2078,0.4309,0.7734,-2.689,11.863,9.207,-3.026,5.319,11.33,9.699,-5.432,0.624,-11.881,-0.885,0.5955,-0.045,1.033
-0.3022,-1.1421,-0.2562,-8.434,1.619,4.509,8.188,3.219,-2.801,-4.389,-6.292,-16.766,4.314,3.613,-1.0631,-0.8768,-0.5214
-0.3331,-0.4058,0.4104,-11.308,-2.536,4.493,8.976,17.041,-6.409,2.86,0.391,2.078,0.744,-0.183,-0.6282,-0.6929,0.1901
-0.4059,1.1518,-1.8388,2.125,-2.533,-14.161,-4.121,7.147,7.914,-6.303,4.619,9.525,-2.082,-0.372,0.2553,4.142,-2.3548
2.419,-0.4471,-1.2553,0.209,4.018,-0.363,-7.392,13.322,4.001,0.296,22.99,-5.654,4.645,2.548,2.1816,1.2774,-1.5035
0.7859,-0.2022,0.2492,4.898,-2.949,-15.425,-5.006,2.019,-7.59,4.752,9.865,5.125,-10.462,-8.744,0.708,-0.367,0.6378
2.5799,1.0652,0.6948,-4.093,6.069,2.229,9.239,9.012,6.204,8.793,-8.498,8.904,12.532,4.238,4.7068,0.6494,0.5318
-0.2562,0.995,0.1509,9.56,-1.916,-7.333,-13.293,6.455,6.533,-12.09,-3.455,-4.068,-10.222,-9.457,0.3736,0.7246,-0.086
-0.7603,0.0682,-0.7019,-8.284,2.511,6.815,-12.358,6.851,8.123,0.771,-9.7,16.305,2.089,-6.085,-0.8855,0.8498,-1.4801
-0.5079,0.9731,0.1075,-3.848,-1.725,-7.24,-11.171,-16.024,-2.101,1.57,-4.494,-2.939,0.534,4.912,0.0365,0.9249,-0.223
0.5641,-0.5644,1.0163,-4.347,-14.804,-7.516,-0.555,-1.443,0.505,2.026,2.617,-6.945,-12.088,-7.711,0.1084,-1.0778,1.4238
-0.2676,0.8037,-0.0697,-3.761,-4.718,-5.765,-4.275,2.464,9.365,-3.061,3.622,12.91,6.164,12.033,0.3102,0.8966,-0.3212
1.085,-0.5029,2.1682,-8.386,4.173,-3.01,-0.577,-2.24,-10.942,-2.64,1.233,-6.708,0.842,-6.107,0.8193,-0.5915,2.7137
-0.3438,1.3295,-0.0504,-6.327,-1.922,0.751,15.277,-4.085,4.979,-17.472,-0.099,-0.882,3.046,-20.555,0.5871,1.3949,-0.2836
0.477,-0.7465,-0.6823,-5.208,-13.161,4.766,7.233,7.746,11.511,-18.001,-8.991,0.475,0.104,2.951,-0.1813,0.1066,-0.5108
0.3667,1.731,-0.1791,3.472,1.625,10.875,15.004,4.317,8.496,-1.352,3.171,13.822,8.485,8.907,1.988,1.9131,0.0781
-0.5595,-0.3456,-0.9399,-0.593,-3.737,-9.071,21.193,-0.44,3.712,7.93,5.893,2.841,6.914,9.821,-0.876,0.8482,-1.533
0.1579,0.0026,1.2525,-1.006,-3.868,5.6,-9.884,-10.403,-9.488,-9.203,8.242,19.325,12.93,0.113,0.2552,-0.5485,1.4826
-0.976,0.8944,0.2771,2.778,-13.341,-12.939,15.082,-0.17,7.192,-10.854,12.58,-0.134,8.654,-7.382,-0.6712,0.6746,-0.6493
-1.6898,0.4679,0.0813,-1.311,3.984,12.073,3.318,1.311,10.002,5.599,-8.271,19.108,-0.211,14.159,-1.8332,0.4273,-1.9758
2.9829,-1.3559,0.0531,-1.555,7.136,-1.994,-3.849,6.719,9.287,-16.709,4.328,6.181,0.708,-13.218,1.2527,-1.3985,-0.602
-1.0617,1.2227,0.3808,-8.958,9.753,-1.876,-10.025,10.935,-9.642,-0.815,-3.943,5.488,-9.203,10.664,-0.672,0.8912,-0.6562
0.3654,-0.6043,0.9419,5.825,2.585,-8.903,2.027,8.126,-13.268,13.064,10.127,-2.488,10.757,-5.847,-0.1196,-1.0786,1.2156
1.0347,-1.2237,0.3326,2.419,8.007,-10.44,-0.997,10.383,1.793,13.213,-13.267,5.382,-12.482,2.822,-0.1237,-1.4822,0.7906
0.9633,-1.6028,0.196,1.746,-1.763,-5.661,-7.569,0.21,6.433,-1.954,-4.92,2.396,4.515,-7.522,-0.5815,-1.7637,0.6049
-0.1866,0.0425,-0.236,2.701,8.836,0.782,-25.333,-7.754,3.877,-5.693,6.631,-9.832,-1.557,5.412,-0.2137,0.2707,-0.4427
0.3625,-1.6399,0.3732,3.066,-5.766,-11.021,-2.362,-6.632,-8.248,-1.175,-15.748,-4.164,10.242,-12.879,-1.1216,-1.9694,0.6488
-0.6723,1.1128,-1.4107,-1.152,-4.768,-10.731,8.555,-8.785,-1.733,6.267,-3.031,-7.242,-1.897,17.796,-0.1654,3.1234,-2.2207
-0.1144,-0.552,-0.9952,-6.067,9.433,8.497,4.273,2.844,6.127,7.979,14.096,0.875,3.791,17.455,-0.5387,0.7404,-1.1438
0.7586,-0.5282,0.5893,-2.137,-3.814,-11.58,5.132,13.174,0.562,0.52,4.778,6.311,-15.821,3.465,0.2827,-0.9231,1.0422
-0.0247,0.9025,1.7847,2.774,-14.622,6.956,15.3,-2.793,6.991,2.735,-1.01,-11.558,5.635,-2.96,0.6808,0.6581,1.9417
0.8333,2.865,-0.4313,-2.079,-5.917,-1.985,9.371,-6.21,-3.477,11.417,-1.409,-0.494,-1.952,-8.552,4.0663,3.3281,-0.1505
0.951,-0.8334,-0.6034,7.11,-12.932,-11.572,-4.489,-14.016,-4.719,-7.469,0.817,-8.664,7.413,4.622,0.3082,-0.1855,-0.2772
-1.3875,-0.3906,2.8397,1.701,2.727,-6.728,-9.901,4.376,-5.76,-8.12,-1.049,-6.498,-1.289,-9.891,-1.856,0.2403,1.5934
-0.9407,-0.5972,0.614,-3.615,24.702,-7.309,-8.63,-11.451,2.821,6.157,4.347,15.328,-4.06,-11.618,-1.4345,-0.9263,-0.31
-1.0545,1.2396,-0.7698,-0.785,2.95,12.286,5.229,-2.789,-20.117,-14.66,0.318,-15.854,3.141,-5.804,-0.6687,2.1676,-1.8487
0.7178,-2.4707,1.7833,-1.628,2.901,-7.144,17.175,6.205,-6.055,17.115,13.203,-3.722,3.869,-3.655,-1.6779,-2.8182,2.257
1.9387,0.5757,-1.6212,-4.164,-8.665,-3.103,-3.921,9.278,18.704,-8.575,-4.223,-17.336,-6.134,-3.225,3.0665,3.0913,-1.5587
-0.3409,1.6848,-0.3132,2.902,3.541,-0.448,13.707,-11.746,-6.416,-4.341,9.466,7.557,-14.191,7.222,0.8154,1.9637,-0.6082
0.4422,1.1269,-0.8298,3.289,-12.46,-11.747,-7.824,-8.23,0.428,-4.664,5.128,-8.765,5.711,7.816,1.563,2.1774,-0.7233
-0.4346,-0.4632,-1.1866,-7.113,6.573,6.867,-8.08,-4.59,10.77,-11.311,13.569,-9.363,-6.557,1.984,-0.7631,1.1451,-1.6464
-0.9611,1.2867,0.3104,-1.385,-9.446,-12.324,2.137,4.247,0.937,-4.298,-8.512,-1.809,-3.814,7.493,-0.4762,1.0402,-0.5977
-0.5128,1.3249,-0.7631,2.33,-8.071,-2.646,2.168,3.588,-1.976,-9.103,0.82,-3.617,3.921,-6.954,0.2002,2.2797,-1.2861
1.6092,-0.0126,-0.0745,6.261,-12.291,-1.691,3.508,-10.879,2.62,0.125,-0.397,-1.62,4.688,13.532,1.9573,0.1092,0.2973
0.9501,-1.0444,0.0534,0.716,-1.725,-5.106,-0.272,-0.993,-12.995,-4.157,0.844,-6.325,4.439,-7.151,0.0405,-1.0463,0.5007
-0.4269,0.2044,-0.308,-5.99,-0.066,-2.472,-3.58,-4.888,7.225,4.404,-8.43,-6.835,-1.183,-3.095,-0.3485,0.501,-0.658
0.8651,-2.7869,-0.4537,-4.05,3.663,-7.333,6.993,1.694,-4.255,-5.514,0.039,-7.211,-11.195,12.105,-1.9075,-2.2752,-0.14
-0.9544,-0.0191,-0.1183,-1.224,3.26,12.238,1.677,-11.762,-5.599,-1.944,-10.11,-10.674,4.241,-14.041,-1.1447,0.1101,-1.0112
0.2009,-1.2574,0.7938,-5.729,0.551,9.018,2.9,-11.339,3.923,-6.555,13.328,-3.196,-10.155,5.371,-0.8736,-1.6968,0.979
0.1252,-1.4387,0.2366,6.036,-5.956,4.314,15.28,-2.922,7.497,-10.265,-4.622,0.014,-11.184,8.2,-1.0149,-1.7607,0.3602
0.1019,-2.9172,0.1064,-5.184,6.293,2.223,-6.945,-0.478,-6.66,12.711,6.122,-5.966,-7.998,5.123,-2.1655,-3.0449,0.1647
-0.5673,0.8445,-1.3352,-4.146,-17.688,5.523,6.359,7.883,5.114,-7.515,7.685,14.417,27.058,2.571,-0.2304,2.7596,-1.9769
-0.4972,-0.4082,0.4094,-0.548,8.302,5.782,3.376,11.781,5.782,-3.723,-10.362,-2.47,6.515,-3.286,-0.8943,-0.6947,0.0874
1.3365,-0.1594,0.2465,3.437,9.845,-9.354,-3.272,2.339,3.421,-3.075,-10.147,10.523,0.896,8.711,1.4853,-0.3434,0.6196
-0.5004,-0.2027,0.2569,-3.77,-1.149,-2.423,6.594,-4.937,9.749,1.974,0.324,5.973,15.895,1.539,-0.7493,-0.381,-0.2126
2.3514,-0.12,0.5465,-1.984,3.055,8.04,1.401,4.119,-9.538,16.053,8.758,-6.911,-4.446,-11.607,2.6982,-0.6193,0.6395
-1.514,1.724,0.0169,2.268,-14.739,-1.512,-7.987,-4.469,-9.054,-7.242,-9.371,2.557,-2.993,-12.091,-1.1644,1.7727,-1.7511
2.5427,0.6701,0.1098,1.857,-7.033,1.552,1.365,7.519,16.581,14.338,-0.179,5.075,-1.364,-0.977,4.0705,0.5741,0.0477
0.1917,-1.7978,0.5448,3.659,-7.388,-4.785,6.873,9.723,-5.31,-0.617,1.746,9.505,-7.512,-8.587,-1.2886,-2.2486,0.7411
-1.6967,1.8884,-0.1545,-3.762,1.779,-7.33,-2.682,-1.21,2.153,13.413,-2.506,-10.392,-5.325,-4.743,-1.4809,2.0855,-2.2319
0.7585,-3.0234,-0.0839,0.433,7.216,-0.593,7.037,-7.493,-7.401,7.67,10.821,3.307,-7.247,3.986,-2.2082,-3.0581,0.2872
-1.8206,-0.123,0.3414,0.764,-3.157,3.478,-16.185,11.251,-9.545,0.543,-7.437,-0.513,4.421,4.191,-2.248,-0.3524,-1.8526
-2.5549,0.0204,-2.2918,7.078,1.954,1.342,3.824,-5.507,-2.696,-1.826,-9.268,-5.742,-10.713,-8.443,-3.0912,4.2351,-6.2398
-1.6225,0.1159,1.737,0.108,9.912,-5.812,-2.716,-0.366,3.982,4.392,16.047,-11.131,0.064,2.253,-1.9277,-0.2471,0.0416
0.5238,-0.3889,-0.7224,4.409,-5.167,-4.176,1.579,8.561,-8.692,4.957,-6.293,-3.163,-0.288,-13.422,0.2807,0.4682,-0.4805
0.9708,-0.3629,-2.0617,2.859,2.864,-3.191,0.851,2.495,5.174,6.226,12.487,-1.414,2.985,-3.793,0.7376,3.089,-1.8599
-0.3732,0.4669,0.3683,-9.264,3.785,6.422,-4.497,-2.445,-5.734,-1.553,1.033,-0.623,-1.975,5.233,-0.178,0.2411,0.1183
0.4319,1.3703,0.5552,0.068,-2.246,-8.32,-7.697,-13.725,0.293,-7.352,3.425,4.015,-9.896,-6.518,1.7816,0.9928,0.8543
0.4371,-0.0638,1.2127,-5.177,-2.837,8.328,-4.623,4.233,-24.065,6.895,7.918,-5.596,-2.648,-1.334,0.4134,-0.552,1.5417
-0.4062,-0.0806,-0.0835,-0.247,-9.04,-8.151,-0.915,10.183,0.785,-1.671,-18.186,-2.365,-2.415,-2.93,-0.5,-0.0343,-0.4347
-0.8645,1.5117,-0.3691,3.156,8.112,2.621,-11.53,-3.024,-5.506,8.573,-22.945,1.196,3.133,-7.616,-0.2952,1.9297,-1.2991
0.3738,1.811,1.6609,0.241,-1.954,-5.387,-17.335,-2.043,-2.849,-5.831,9.975,-0.492,-6.419,-3.236,2.1309,1.481,2.0642
-0.1549,-0.5192,0.2437,7.598,-9.96,2.559,-0.863,-16.983,-7.586,19.164,-7.056,-5.758,10.563,-6.81,-0.6492,-0.7632,0.2009
-0.7621,-0.9972,0.0829,2.293,-6.478,7.048,5.893,2.338,-3.342,-2.614,-8.292,14.462,-7.157,8.679,-1.5753,-1.1319,-0.6356
0.8035,0.2354,-1.8162,2.234,2.71,1.673,-6.543,-7.496,-3.332,-24.618,3.455,-17.252,-5.62,5.34,1.1977,3.2074,-1.5769
-1.3694,-0.1631,-0.3755,5.905,-5.347,-24.885,-4.793,-0.546,-13.464,2.758,5.27,7.968,-2.843,-5.428,-1.8235,0.1823,-1.937
1.3823,-1.3119,1.6186,-6.637,1.64,1.393,4.091,2.128,-2.399,-4.932,-8.651,-1.59,-0.784,12.745,0.0681,-1.7036,2.1383
-0.2333,2.2754,-0.4856,-6.032,3.892,5.912,-2.252,13.395,15.544,10.065,-3.109,1.64,-2.557,-5.102,1.4068,2.7686,-0.7652
-1.0778,-1.2791,1.3463,4.403,10.877,-2.372,2.412,-3.134,7.346,15.768,-2.069,-7.88,6.039,-3.702,-1.9066,-1.7967,0.3969
-0.5187,0.6372,0.9158,-1.616,-2.575,-11.385,1.055,-8.789,-1.823,-6.414,-6.667,-7.306,9.247,5.557,-0.2335,0.109,0.5843
-0.7482,-1.133,0.0222,-3.963,-2.209,-2.455,0.873,2.371,-1.631,0.063,-2.179,-9.609,-2.182,-8.636,-1.4974,-1.1808,-0.6441
-0.4695,-1.7837,-0.01,-2.11,5.644,19.202,-4.548,14.696,5.806,-10.036,-6.232,-6.905,-0.519,5.495,-1.7359,-1.8179,-0.34
0.0992,1.2255,-0.7166,3.617,10.956,14.085,10.332,9.69,4.031,10.757,7.042,8.762,13.756,-4.01,1.0365,2.1021,-0.6394
-1.2905,0.1543,0.7392,2.368,-15.631,-1.591,3.936,1.397,5.607,-4.294,-1.675,-7.57,-8.408,-5.253,-1.5232,-0.288,-0.5117
1.9134,0.4004,-1.094,1.514,-5.799,-4.839,-5.518,-0.536,-10.162,-11.042,5.619,0.035,-7.378,1.236,2.9247,1.8738,-0.9521
0.9891,1.6656,-0.1779,-7.71,-16.043,-1.229,3.77,5.641,-4.153,0.645,-9.605,-1.118,11.939,3.464,2.9899,1.8325,0.2606
-0.1973,1.1259,-0.7529,1.654,2.34,0.583,-2.135,5.564,-9.76,-2.574,1.945,6.093,-9.778,16.672,0.6414,1.9944,-1.0199
1.5211,0.4159,0.0793,-2.413,-8.956,0.418,14.175,-4.197,-4.249,-2.329,13.106,-2.323,-8.115,-12.274,2.2473,0.3621,0.5202
0.8514,-1.3242,0.8134,-3.104,-2.299,2.985,-6.153,10.286,-4.265,-17.173,-7.017,-11.242,-16.864,2.176,-0.4442,-1.7906,1.2908
0.3547,1.9922,-1.0942,-3.095,11.359,1.536,-1.128,-4.755,4.943,3.469,-0.27,0.495,21.325,-2.106,2.2635,3.484,-0.9945
1.4688,0.4049,-0.8635,-9.841,-4.83,6.821,12.549,-14.229,2.748,-4.096,8.034,3.484,-13.05,-8.585,2.2724,1.4566,-0.5943
0.0713,1.7123,-0.5666,-6.145,-11.757,0.865,7.992,-9.288,-3.673,14.192,15.038,-7.16,3.568,-1.614,1.5538,2.4003,-0.5335
1.288,0.5546,-1.6459,-5.985,-4.028,8.895,-2.39,-0.839,-4.926,-8.29,-7.475,-5.26,6.702,-6.195,2.2656,3.0834,-1.3724
-0.1885,-1.4152,-1.2169,4.745,-15.177,-1.811,5.617,-11.287,4.83,-10.151,-5.366,-1.289,9.378,4.593,-1.3188,0.2389,-1.4873
0.9372,1.2599,0.5981,0.483,0.721,-2.91,1.32,-3.048,2.058,-2.977,7.656,7.285,-2.74,-5.156,2.4932,0.8755,1.1312
1.3405,0.5808,0.3842,-4.808,-6.676,4.311,-9.841,-7.264,-22.275,-12.464,7.88,9.665,-4.594,10.679,2.285,0.3462,0.8261
2.2183,-0.6021,0.1832,11.802,-8.747,-4.117,-5.143,-13.807,-1.737,4.584,6.753,-0.546,4.36,6.298,1.8186,-0.7924,0.2861
-1.1465,-0.0008,1.0949,-6.881,-3.499,-3.104,8.528,13.202,5.058,-14.404,9.115,3.26,-1.302,8.175,-1.3632,-0.4535,-0.0758
-0.8476,0.3885,-1.001,-0.802,-0.685,-6.188,5.489,0.431,-3.659,-6.856,12.587,2.153,1.009,-3.849,-0.7754,1.6859,-1.9292
-0.6738,2.4393,0.7272,1.25,-2.025,3.794,0.111,-5.26,4.042,-8.263,-9.29,11.11,-0.986,5.352,0.585,1.9913,0.2382
1.1885,-1.2805,-1.0535,9.242,-5.68,-14.69,2.189,9.78,-2.96,-8.407,7.905,22.967,-4.856,2.221,-0.058,0.1125,-0.7273
1.4317,-0.4694,-2.4459,8.856,10.434,8.793,5.803,9.346,2.453,7.671,18.052,-6.265,0.662,-6.289,1.1825,4.13,-2.2748
0.4117,-0.2124,1.1065,10.045,0.968,5.758,-9.072,-4.252,0.961,-2.942,-4.701,9.492,-0.155,-3.211,0.2307,-0.7205,1.4415
-0.7029,-1.6772,-1.794,2.753,0.537,3.719,7.549,7.024,0.398,-5.856,-4.448,0.583,3.559,5.22,-1.879,1.2568,-2.5885
0.4953,-0.1978,1.1244,-4.418,-0.291,2.331,-11.915,-5.064,-0.628,5.08,-1.737,0.855,-3.388,-8.482,0.4716,-0.7011,1.4792
0.0993,-0.6324,-0.3276,2.811,17.831,9.357,-8.166,17.763,-8.561,-6.549,6.589,-15.342,3.682,13.365,-0.3842,-0.2893,-0.3271
-1.3971,0.7793,2.8546,-1.482,0.594,9.173,-5.22,4.508,-6.275,5.134,-5.975,1.946,7.988,-1.488,-1.4586,1.3659,1.5734
-0.9751,-0.0734,0.4516,0.558,-8.955,5.804,4.989,-2.136,16.465,0.548,-7.861,5.192,13.328,7.721,-1.2437,-0.4369,-0.428
-1.1773,0.646,-0.0004,-4.36,10.617,-2.089,6.073,-6.889,7.475,-0.857,-6.373,-0.814,-0.664,-13.436,-1.1159,0.6384,-1.3009
-0.564,0.2816,-2.9396,-2.094,1.428,5.419,-2.991,1.51,-3.774,16.35,5.126,2.833,-3.167,3.641,-0.5473,6.3526,-3.7145
-0.4188,2.2092,-1.7844,3.362,4.978,16.286,-4.141,6.573,-5.297,3.387,-1.851,4.465,2.982,-5.642,0.972,5.0611,-2.3501
0.9497,-0.2797,0.6608,-0.15,16.767,1.381,-5.755,-2.177,7.786,-4.312,-2.215,4.059,-1.017,-0.88,0.8823,-0.7421,1.1768
0.7746,-0.6883,-0.9329,0.38,-7.551,1.896,-10.542,0.724,10.113,-6.089,-5.166,4.914,5.938,-3.997,0.2221,0.4405,-0.6937
-0.618,1.6336,-0.2651,-0.434,-13.359,-8.346,-1.73,-0.35,3.048,-4.308,0.527,0.421,4.695,-8.927,0.2178,1.7816,-0.862
0.9561,-0.4765,-0.4762,-4.482,3.494,-12.938,-0.557,-8.975,-0.148,-5.852,6.692,-3.405,2.561,8.305,0.5883,0.025,-0.1884
-1.1957,0.6441,-0.9219,-0.175,-4.253,-10.974,12.355,-4.456,-10.942,-23.674,-5.862,14.153,1.595,3.921,-1.0662,1.8687,-2.2732
-0.3498,0.5014,1.1004,-9.487,-2.453,20.486,-4.118,3.663,4.851,-1.681,-7.246,1.528,12.49,6.762,-0.0823,0.0124,0.9692
0.1504,-1.8251,1.5237,-2.273,5.923,-11.671,10.871,6.916,-12.047,1.973,7.202,0.471,6.609,-12.506,-1.3638,-2.2739,1.7496
0.1451,1.3861,-0.545,-4.292,4.118,2.765,5.332,-5.796,-8.465,-15.945,3.398,15.797,6.116,-7.034,1.373,2.0585,-0.4578
-0.6905,0.0975,0.0108,-0.374,10.033,-16.236,-10.452,0.802,5.006,-14.298,-2.702,-5.597,4.853,-6.15,-0.7167,0.1159,-0.6498
-1.0197,0.3683,0.1872,2.772,-1.872,6.286,0.132,13.2,8.332,7.562,-11.328,-11.152,0.709,-5.837,-1.1022,0.1548,-0.9042
0.9511,-1.7566,-0.7499,-6.083,-12.426,8.467,-6.466,-12.873,-0.109,1.463,7.735,-0.425,-6.167,-4.684,-0.773,-0.8835,-0.4612
-0.5091,1.3231,-0.6098,0.43,-9.071,-6.003,8.022,-3.064,-5.655,11.601,-7.784,8.155,8.841,-1.134,0.2417,1.9704,-1.1249
-0.535,-0.8396,-1.6663,-4.157,-6.934,-3.614,13.298,5.397,-0.809,-7.328,-0.625,-5.747,2.82,-6.62,-1.1248,1.7263,-2.2999
-1.0588,2.8115,-0.3893,-1.69,1.221,-8.353,-0.844,3.899,6.851,-4.418,16.956,-5.263,-0.322,2.784,0.0491,3.2599,-1.5063
-1.3867,0.1302,0.6037,-2.118,-7.305,14.978,-4.362,8.357,-6.148,3.104,-12.136,-1.672,3.653,11.748,-1.5315,-0.2941,-0.9097
1.257,0.6517,0.0384,3.817,0.885,-5.679,-7.562,-5.171,-2.19,3.416,10.945,-14.294,8.868,-17.255,2.291,0.621,0.4791
0.1071,0.5588,0.0246,8.396,-4.884,-2.451,16.101,-9.934,7.992,-6.285,-3.348,3.092,-13.318,-0.546,0.491,0.5164,0.0994
-1.2785,-1.7736,-0.9555,-2.285,5.056,-3.529,-1.456,-0.97,11.51,3.452,0.614,-1.63,8.748,6.269,-2.3585,-0.4423,-2.462
0.7118,-0.113,-0.6541,-0.854,-8.151,0.069,16.547,2.307,-10.702,1.555,6.622,3.513,-3.125,1.026,0.721,0.6381,-0.3151
-0.0515,-0.3779,-0.23,-8.292,14.231,-4.399,2.11,1.908,1.952,0.982,5.377,-3.318,-6.49,-6.121,-0.402,-0.1706,-0.2477
-0.8794,-0.303,-0.6284,-10.419,-4.97,-0.224,7.528,-3.069,-6.498,10.563,3.282,-3.118,-18.512,-4.593,-1.2691,0.4619,-1.5771
-0.8237,0.0416,1.2132,-3.783,-1.888,-2.83,-5.491,-1.225,0.943,10.778,1.263,-3.803,-13.515,-4.927,-0.9397,-0.4411,0.5448
-1.8356,0.2149,-0.1978,0.707,10.094,-3.09,-17.624,-9.11,7.257,-19.302,-7.403,-0.256,0.662,-1.483,-2.1099,0.4538,-2.4985
-0.3303,-2.3099,1.0024,5.909,13.568,18.622,10.949,-6.415,-3.459,-7.567,11.948,-14.814,2.774,-0.97,-2.0381,-2.8279,0.8467
-1.9319,0.7591,-0.256,2.956,0.516,-4.222,-13.156,-5.822,4.609,12.364,-5.8,6.655,-4.605,1.429,-2.1231,1.0106,-2.661
-0.6391,-2.298,-0.8933,-6.251,-3.098,6.272,-10.856,-12.528,16.151,3.462,-9.333,5.295,-0.635,-13.789,-2.1264,-1.1725,-1.5314
0.7793,-0.6058,1.982,3.09,-3.2,4.284,7.623,4.209,3.653,9.15,-4.573,-9.942,11.378,-2.916,0.3008,-0.8279,2.5302
1.4755,-0.1192,0.2303,1.84,7.895,-3.281,0.982,3.878,-7.546,10.501,9.799,-14.304,-4.572,1.998,1.5927,-0.3004,0.6739
1.1906,-0.3686,-1.1262,1.282,-3.075,5.34,18.75,8.643,-5.015,2.77,11.589,5.479,3.012,-13.609,0.965,1.2104,-0.783
1.1849,-0.8609,0.0267,-7.901,-4.895,1.768,-5.774,4.79,2.024,-0.461,-23.501,-11.2,-16.461,-12.77,0.4663,-0.8931,0.5279
-1.4229,-2.1881,-1.8575,-3.399,-9.474,-22.359,-1.882,19.267,1.336,3.274,-15.381,-2.825,-11.914,-5.949,-2.4822,0.82,-3.6164
1.0595,0.1597,-0.2261,-3.065,4.411,-2.177,-6.281,1.929,3.074,-7.668,-1.169,-3.663,5.4,-3.649,1.4907,0.35,0.1956
0.547,-0.9555,0.5102,7.404,-0.757,-8.708,8.875,1.215,-6.86,0.424,-10.533,-8.814,-13.329,1.082,-0.3093,-1.3489,0.8391
-0.106,-0.015,-0.6586,3.918,-12.555,-2.322,-3.56,0.324,-2.06,4.079,-1.836,16.974,-2.352,14.737,-0.1296,0.7515,-0.7979
-1.7534,1.5476,0.5576,-3.003,10.748,2.96,-2.761,-9.921,0.801,-1.817,-5.675,7.146,3.842,-3.553,-1.6579,1.17,-1.5382
-0.0749,0.0084,-0.3389,-9.648,-9.467,6.632,-20.058,-6.571,-3.507,-3.649,10.978,7.489,0.149,-1.266,-0.0429,0.3424,-0.4305
0.6463,0.4657,0.6214,8.083,-3.777,-10.952,5.844,9.234,-1.609,-3.163,1.894,-14.289,11.262,10.303,1.2253,0.0743,1.0055
-0.6042,-0.3386,0.2474,3.624,-2.226,11.657,3.74,-0.903,-4.547,1.213,-0.07,1.887,10.816,5.201,-0.8886,-0.5221,-0.3062
0.0256,0.195,-0.1692,2.002,-7.955,2.692,-7.316,-0.474,0.461,4.88,7.048,12.583,-5.95,3.981,0.1226,0.3899,-0.1786
0.6334,-1.316,-1.1577,-4.575,-1.731,4.397,20.751,0.88,-8.549,2.669,7.897,-2.694,16.354,-3.526,-0.61,0.2183,-0.9177
1.1132,-0.4462,1.6376,6.649,-2.442,13.516,-6.095,1.717,4.207,-1.146,-9.332,-5.747,-7.154,0.966,0.7934,-0.8353,2.2064
-0.0653,-1.0186,-2.1152,-0.89,15.097,-25.574,2.574,0.749,2.501,-14.253,-8.381,6.787,-12.878,-14.7,-0.8572,2.7257,-2.3482
0.4056,-0.6294,1.6206,1.601,1.817,-2.671,-5.558,-5.364,6.152,3.326,2.138,-6.523,1.34,1.199,-0.0814,-1.0057,2.0496
-0.5837,0.4298,0.1554,-5.855,12.509,-3.284,6.564,8.502,5.162,5.608,-9.51,5.614,-5.35,5.786,-0.4008,0.2088,-0.3312
-1.7307,-0.3103,1.2023,0.817,3.071,6.23,10.726,5.141,0.311,-11.96,-7.016,19.435,10.293,-0.597,-2.1447,-0.8722,-0.7324
1.6946,1.1159,-1.0401,9.462,-3.106,-7.051,-18.644,8.425,-4.987,3.107,4.881,24.599,0.154,6.23,3.5088,2.4602,-0.7926
-1.4455,0.1139,-0.512,-2.381,-10.748,0.38,13.789,-9.021,-4.127,4.061,1.372,6.047,-5.783,-5.742,-1.6528,0.6915,-2.1942
0.6216,-0.4627,-0.5643,2.635,-8.29,13.647,-16.803,-2.799,-7.134,-1.442,-3.746,-3.847,8.29,9.008,0.3152,0.2406,-0.214
-1.3005,1.426,-0.7648,7.717,0.701,-5.708,-8.861,5.751,-20.664,5.566,1.642,5.301,7.4,1.617,-0.983,2.3982,-2.2802
-0.3595,-0.0417,-1.5813,-0.329,-9.114,9.641,0.534,-0.892,-8.941,-11.172,-9.764,3.911,-2.407,-7.96,-0.4487,2.3577,-2.0422
1.1601,1.2416,-0.4595,1.661,-15.083,4.184,8.989,7.605,1.222,-5.737,-5.235,-12.376,-11.08,13.578,2.8518,1.6928,-0.0894
-2.0369,-1.2402,-0.3552,7.073,-7.75,8.059,-6.198,-9.738,-5.359,4.906,4.206,12.192,4.943,11.467,-2.7086,-0.8006,-3.0828
0.1121,-0.4958,-0.5454,1.446,5.1,-13.881,6.218,-8.992,-1.676,5.534,-8.938,-6.253,-0.728,2.669,-0.2689,0.1405,-0.4234
1.3577,0.4189,0.2952,1.513,-3.87,14.055,-1.027,-1.87,7.726,6.332,1.403,0.124,3.465,-10.373,2.1784,0.2523,0.783
0.0235,0.2426,-0.2909,7.446,10.091,19.571,5.602,1.857,-6.424,-10.045,1.253,13.494,8.197,2.203,0.2266,0.5838,-0.3261
-0.3969,-1.9112,0.1817,-4.822,5.342,2.604,10.084,-3.696,2.003,1.285,6.972,2.249,-6.552,-5.593,-1.8219,-2.066,-0.1451
-0.8628,0.1253,-0.4291,-6.378,-11.072,3.054,18.071,4.523,-1.584,-12.281,7.093,6.307,7.017,3.677,-0.9451,0.5712,-1.3056
-0.1568,-1.5275,-0.0251,5.318,1.638,6.448,-2.633,13.819,10.664,4.06,1.791,5.327,-3.641,18.12,-1.2696,-1.4822,-0.1372
-0.6251,-0.1608,1.7887,-0.072,0.64,11.44,1.818,0.678,0.301,-2.003,-6.92,-4.828,10.523,-3.845,-0.8378,-0.471,1.4184
-0.3324,-0.0005,1.6984,7.833,-5.663,-9.214,-0.64,2.742,0.524,-5.104,0.538,-4.559,-10.239,2.205,-0.4429,-0.3475,1.5783
-0.0217,-1.6767,0.2556,-1.35,13.686,-24.273,3.31,-7.109,-6.204,-3.151,-2.706,7.437,-11.408,1.609,-1.4222,-1.8501,0.215
0.301,-0.7465,0.0122,1.606,1.607,5.865,6.555,-4.474,-2.885,-0.323,-3.788,0.36,4.155,4.513,-0.2697,-0.7352,0.1946
0.0218,1.2692,0.4589,2.283,-0.51,-8.331,13.714,-0.67,-5.443,7.001,-16.284,3.123,8.153,-15.314,0.9909,0.9345,0.5113
-1.2272,-1.7069,-0.3725,-2.845,-9.082,5.963,1.812,-3.585,-13.687,-25.565,4.063,-7.722,0.133,-4.132,-2.1054,-1.3633,-1.7006
0.2121,0.1417,-0.4465,-1.333,-1.042,1.62,-8.286,-1.797,-0.213,10.219,10.512,11.089,-3.902,-0.596,0.3565,0.6211,-0.4212
-0.5958,-0.8672,-0.7382,-2.82,-5.174,-23.045,10.667,-3.403,4.401,-11.744,-6.571,-12.374,3.35,3.633,-1.2944,-0.0471,-1.3111
0.5691,0.6811,0.2204,-8.901,-2.08,3.418,-3.673,-3.978,-10.015,2.738,-0.521,0.217,4.939,6.009,1.3392,0.4711,0.5345
-0.1077,-1.633,0.8247,1.314,-0.624,-6.623,0.87,-1.847,-4.897,8.297,-6.136,8.231,-8.983,-8.267,-1.4273,-2.0834,0.8298
-1.047,2.0041,-0.3709,1.189,-2.742,10.833,3.332,2.046,9.537,-3.065,4.807,-11.03,-15.47,5.542,-0.2555,2.4194,-1.4787
0.5536,-1.0545,-0.8816,0.049,1.814,-2.86,-11.379,-4.535,-13.07,0.202,-3.097,7.977,7.981,1.908,-0.2684,0.0861,-0.6681
-0.6461,-0.6572,0.2302,-3.11,-4.362,2.718,10.74,2.367,0.59,-10.028,13.625,3.418,4.485,-5.299,-1.1352,-0.7912,-0.3648
0.3269,-1.5184,-0.0571,9.626,-14.135,-1.015,-0.299,10.375,3.765,-0.24,5.456,2.862,-16.194,-11.016,-1.0035,-1.5067,0.1605
-1.2239,-1.3983,-0.2777,11.149,5.102,-11.537,-4.207,0.026,-3.475,-12.633,1.183,4.638,-2.281,3.256,-1.9165,-1.1213,-1.6255
-1.2252,-1.8874,1.1699,-3.537,0.797,8.204,7.585,11.384,-14.854,-1.758,-10.185,18.046,-7.034,-14.117,-2.2799,-2.3874,-0.0052
-0.1814,2.0327,-0.5501,6.151,-4.801,8.057,15.122,-2.653,-12.195,-4.374,8.572,4.054,1.705,-4.725,1.3017,2.7058,-0.717
-0.4616,0.5399,1.6573,-4.739,-5.275,-1.89,-2.797,4.413,11.842,-6.639,14.706,-1.5,-9.84,-10.466,-0.2144,0.2194,1.4589
-0.4605,2.5734,2.6847,-2.98,-0.082,-3.143,3.631,4.165,-0.06,-13.264,-2.635,-8.532,16.437,-6.647,1.1079,2.977,2.5644
-0.3917,-0.2039,1.2397,-3.286,-6.39,2.62,-5.767,-0.733,-3.121,-13.054,6.469,7.081,-3.878,-5.038,-0.543,-0.6729,1.0445
0.3594,-0.2247,1.5017,6.967,8.506,-14.591,-8.855,-5.901,0.056,-7.095,-3.731,-2.808,-1.066,-11.711,0.2188,-0.6206,1.8665
1.3375,0.259,-0.4256,-6.74,0.67,9.318,-3.023,0.566,-2.291,-5.727,-12.511,-3.698,-12.261,-5.879,1.913,0.6852,-0.0273
0.1559,-0.0384,1.0278,7.312,11.754,2.771,-5.553,-3.678,1.533,11.329,-2.747,1.03,-0.313,-10.58,0.0716,-0.5447,1.2695
0.555,0.8027,0.9378,-9.018,1.174,-5.933,11.555,4.182,3.799,-8.846,-3.652,7.388,0.072,6.837,1.361,0.2892,1.2672
-0.3816,0.878,-1.9463,7.044,8.445,14.578,-4.659,-6.934,17.512,4.389,2.907,-7.92,-0.919,-9.619,0.1085,4.1319,-2.4953
-0.5856,-0.4779,-0.0328,3.623,-13.99,2.481,-2.082,-5.476,-8.764,8.83,-6.148,12.541,-5.258,9.746,-0.9641,-0.4291,-0.5893
1.8893,-0.84,0.4622,-4.074,-1.958,-3.515,6.6,13.881,-4.39,-2.353,-5.212,-16.33,4.378,-5.885,1.086,-1.224,0.7671
-0.2816,-0.5685,1.3371,-0.086,-5.313,7.006,-4.623,6.503,3.198,4.189,-5.1,20.202,-9.727,-5.289,-0.7452,-1.0811,1.2454
-0.0941,0.0844,0.4209,-1.525,5.444,6.834,11.493,-10.043,-10.483,-3.587,-0.169,-5.39,-3.523,-10.395,-0.0278,-0.3045,0.4168
-0.6235,0.6285,0.9957,-2.294,5.772,-2.382,-11.752,4.069,19.863,9.745,1.763,1.881,-8.223,1.042,-0.3605,0.1332,0.5791
-0.198,0.1351,-0.1084,3.45,8.604,-7.93,2.719,-5.52,-1.307,3.426,-8.572,-9.687,-16.24,10.74,-0.1256,0.2649,-0.2948
-0.5313,1.0269,-0.1804,8.021,-6.047,-9.802,3.292,7.545,17.973,1.452,-7.004,2.861,7.609,-1.324,0.0012,1.1977,-0.6789
-1.1852,-1.2839,1.7342,0.359,-7.309,11.449,7.988,2.649,-4.511,-11.99,12.126,-0.438,-5.762,-9.203,-2.0147,-1.6589,0.6976
-1.1824,1.1654,0.7448,-0.529,0.609,4.615,-18.917,15.636,5.138,-21.399,1.388,2.852,-2.448,-5.786,-0.958,0.7284,-0.4541
2.1899,-0.0714,-0.401,-0.92,-4.048,-5.738,11.627,0.636,8.249,3.995,-4.619,-4.309,-15.199,0.491,2.5343,0.4035,-0.3237
1.1915,0.9765,0.6617,2.487,-12.316,2.439,-2.589,8.333,-7.255,8.584,-4.855,7.834,5.286,-3.384,2.5883,0.4605,1.1082
-0.4304,0.3701,1.5253,-1.929,-0.561,1.247,2.052,-1.647,3.544,2.108,-11.314,0.264,-10.429,-9.18,-0.2947,-0.1072,1.2746
0.7333,0.0067,0.3671,2.992,-5.843,9.613,-5.45,17.138,-0.823,-4.454,9.042,0.719,5.878,6.096,0.9193,-0.2584,0.7655
0.5519,-0.718,1.8036,-6.026,4.658,-0.05,-6.952,11.101,-2.209,-5.885,-17.933,-12.054,-8.243,11.533,-0.023,-1.0752,2.3014
2.2647,-0.618,0.0645,-0.044,-6.424,0.567,9.314,-9.888,3.058,0.159,-4.149,-6.829,0.739,9.599,1.795,-0.6671,0.1252
-1.4888,-0.3177,0.5323,-4.115,-2.292,4.971,2.521,5.339,2.533,-8.298,-8.627,-3.704,8.354,2.94,-1.8895,-0.6865,-1.1031
-0.9947,0.8915,0.1344,-8,3.465,2.2,5.67,4.893,11.394,-9.8,-0.952,1.67,3.96,-5.08,-0.787,0.7715,-0.7736
-0.7647,1.3579,0.0534,-4.381,-2.351,11.404,-9.852,2.12,-3.337,-0.453,-2.103,-9.996,-7.57,-4.336,-0.1099,1.3595,-0.6882
0.6409,-0.532,0.8326,7.795,3.383,6.743,4.656,17.101,-4.88,-7.612,-5.06,5.013,16.559,16.4,0.239,-0.9944,1.1883
-0.686,0.1129,-1.5571,-3.461,-14.999,-8.298,-10.503,0.933,-3.346,7.692,-4.909,0.651,6.038,-5.71,-0.7296,2.5408,-2.3481
-1.0229,1.4452,-2.2448,7.145,-4.637,-1.486,0.191,-13.083,5.573,-2.014,0.523,-6.254,8.083,-6.688,-0.5479,5.4893,-3.4607
-0.3512,0.1398,1.7755,8.906,-5.53,-9.908,-7.282,1.058,13.952,-7.793,0.695,6.365,11.238,-2.947,-0.3202,-0.2647,1.6447
1.2649,0.1892,0.0622,1.477,-10.756,-7.248,-4.156,2.455,9.18,12.286,10.033,7.076,-6.683,1.8,1.7837,0.1517,0.4933
0.6109,0.5759,0.04,-1.352,0.725,-3.337,-0.477,-7.375,-11.874,5.58,-7.09,-20.299,8.393,-2.72,1.3581,0.5392,0.2534
-2.0308,1.2827,1.1199,4.454,-2.588,-2.683,6.82,4.46,-4.743,0.424,-14.985,2.221,-9.617,-5.658,-2.2083,0.7277,-1.4123
0.4978,-1.2904,-0.3023,6.899,-8.162,10.383,0.274,5.245,-12.754,-0.5,6.25,-7.908,-11.001,4.831,-0.6525,-0.9127,-0.0913
-0.8503,-1.4042,0.3161,2.215,-11.06,-6.928,-5.028,8.224,-2.205,-6.461,-4.931,-8.52,-0.646,-3.781,-1.8114,-1.679,-0.4689
-1.6873,0.6839,0.726,4.923,-3.481,2.635,-14.118,-7.236,0.885,4.628,-7.18,-0.868,0.301,-6.889,-1.8411,0.229,-1.2839
1.1427,-1.9795,0.1111,-2.484,-9.441,0.475,-2.4,11.129,-8.058,-3.876,12.514,0.324,-1.099,-4.273,-0.8879,-2.0911,0.5274
0.7598,1.2465,0.5414,5.022,18.819,6.969,-2.022,-11.81,-6.442,-5.179,-2.735,2.001,-9.183,-12.169,2.1984,0.8645,0.9303
0.9887,0.4717,1.6046,1.116,-0.434,-1.3,11.859,4.431,4.475,-7.023,-7.202,5.322,2.282,3.676,1.7558,0.0487,2.2118
0.7821,-0.2483,0.6098,5.637,-1.879,9.463,2.964,1.278,6.815,16.2,-14.756,1.994,-3.927,-14.403,0.6502,-0.6685,1.0355
1.5869,0.6001,0.9645,0.101,1.318,1.492,-8.787,0.059,1.526,-0.871,-4.374,9.956,6.996,-0.648,2.6288,0.1269,1.4173
-1.154,-2.3606,-1.7008,-15.321,-4.49,17.897,1.224,-5.456,-6.234,0.483,-10.824,0.72,2.903,2.141,-2.4398,0.3671,-3.0365
0.6669,1.6783,-1.6703,3.249,10.442,8.701,0.353,1.263,-8.95,6.863,6.902,-3.561,4.597,1.554,2.4825,4.3017,-1.4751
-0.9201,0.189,1.2559,0.742,-8.641,0.268,4.587,4.053,-1.197,0.994,7.387,-9.031,8.663,8.207,-1.0663,-0.2656,0.4335
0.7948,0.9749,1.3721,-6.079,-1.573,7.58,10.923,18.835,11.722,0.115,-1.736,2.334,0.864,-10.397,2.0105,0.4604,1.9415
0.6903,-0.6733,-0.0494,-9.017,-7.342,-2.702,-0.782,6.988,-20.576,0.493,4.15,22.325,10.753,3.165,0.1414,-0.65,0.2254
-1.5985,-0.3244,-0.1521,-7.913,-1.28,-10.16,-9.58,6.701,0.17,-11.895,4.358,-8.598,-1.318,-10.844,-1.9962,-0.1334,-2.0286
0.1545,-0.3249,-0.5526,-2.662,-12.945,9.45,7.178,4.07,-6.118,2.891,-3.896,-3.39,1.973,12.952,-0.1518,0.3307,-0.5283
0.5364,0.7718,-0.1104,-0.74,2.067,-15.575,-3.919,-5.248,-4.254,-12.861,-16.18,-2.071,-20.422,-6.124,1.4441,0.8677,0.1945
-1.0421,-1.1338,-0.3018,-1.615,2.63,5.129,-1.552,2.679,1.434,5.001,5.154,-14.447,6.01,-1.107,-1.7991,-0.8492,-1.4079
-0.9877,0.3618,0.3445,0.251,-1.924,6.245,4.672,-3.211,3.993,2.516,-10.211,0.958,0.859,-4.073,-0.9919,0.1034,-0.6061
1.3543,-0.9898,1.4123,-7.632,-15.145,8.422,10.291,-0.041,-9.236,1.117,-10.381,-3.603,0.98,-5.778,0.369,-1.4878,1.9294
-1.048,-0.349,-0.4785,1.378,7.059,-1.506,10.546,6.742,1.196,-3.009,1.829,5.253,-1.284,9.495,-1.4712,0.1178,-1.6478
-0.8746,1.7989,-0.1882,5.662,0.923,9.299,-5.543,-12.911,-3.433,-6.713,3.681,5.178,2.365,-2.983,-0.078,1.9693,-0.9714
-0.3593,0.5126,1.7509,-0.623,1.06,-7.248,-0.435,1.895,-8.523,-2.76,3.025,-3.393,-0.176,-9.308,-0.1005,0.1317,1.6478
-0.6717,0.691,-0.039,4.767,8.672,6.85,-6.547,-2.022,-5.112,-0.928,12.712,1.058,0.412,-1.578,-0.451,0.7149,-0.6239
-1.7892,0.1505,-0.4214,2.3,-17.073,2.238,-6.458,-4.552,-6.636,-9.226,8.141,3.207,6.411,18.347,-2.0811,0.6224,-2.6126
0.0702,1.7614,-1.23,-3.096,-7.346,3.395,7.655,8.833,4.628,6.485,-5.064,1.826,9.615,6.272,1.5385,3.3623,-1.2446
-0.0554,-0.1591,0.9323,-0.456,-5.587,-13.624,7.445,-1.443,20.271,1.023,11.845,-7.965,-0.28,7.126,-0.1814,-0.6412,0.9358
-0.3637,0.4639,1.4834,-4.612,-5.261,-5.256,-3.869,8.949,-10.308,-8.758,8.626,7.717,0.811,6.585,-0.1282,-0.0448,1.3355
0.563,0.5671,0.3396,-3.307,-12.332,-1.004,0.956,6.008,13.686,1.617,3.021,-0.753,0.21,-4.839,1.1648,0.2225,0.7087
-1.48,-0.4409,0.0944,0.613,-0.413,6.124,-10.955,-7.85,4.408,-6.09,-4.534,6.072,14.597,-1.16,-1.9809,-0.5756,-1.5943
1.4738,-0.2841,-1.3788,-1.296,13.463,-0.329,5.573,16.567,-19.172,-7.746,7.703,-9.612,-2.373,-7.726,1.4428,1.6363,-1.0639
-1.7447,-0.9833,1.1442,-3.177,2.588,-12.715,4.666,8.885,-27.469,4.346,7.143,-1.025,7.116,-1.902,-2.422,-1.5349,-0.8262
-0.0241,0.9004,-0.5938,1.908,5.35,-2.005,8.626,-2.4,-5.099,-4.035,3.232,3.726,1.779,7.981,0.6933,1.5382,-0.6123
1.0731,1.3416,-0.3235,-4.592,-11.637,2.147,-7.897,-9.88,-9.781,19.448,-1.153,10.669,-14.965,-3.467,2.7678,1.664,0.0066
-0.0256,1.8712,-0.1181,-1.766,1.397,-0.955,5.464,-2.447,1.572,-21.881,-8.87,-1.022,1.597,6.829,1.4899,1.9706,-0.1035
-0.3504,-1.4196,-2.5495,-3.392,2.607,4.979,17.331,-3.058,-0.777,-1.65,-7.387,1.611,7.787,-2.91,-1.3763,3.4835,-3.0886
-0.0601,-0.4435,-0.8736,-0.966,14.789,-1.349,8.481,-3.914,11.561,-15.045,3.26,-12.015,-3.848,-6.847,-0.4442,0.6316,-1.0405
-1.1186,2.1246,-0.6715,-3.349,4.075,-1.923,-0.794,-6.265,-5.196,-7.176,-2.514,5.093,7.059,-11.335,-0.3872,2.8357,-1.9192
-0.6046,0.6473,0.0069,-2.76,-2.831,-10.202,-7.65,5.372,6.873,2.948,4.471,8.278,-7.278,-8.459,-0.3536,0.7029,-0.5862
-1.451,1.96,0.9979,-1.996,3.783,10.611,-4.748,-5.665,-6.088,-3.316,7.04,2.817,-2.548,11.874,-0.9583,1.3744,-0.5081
2.0002,-0.4358,-2.3142,-7.397,-0.224,14.318,6.021,2.268,10.916,-5.004,12.499,0.556,1.415,4.791,1.7672,3.8398,-2.3142
-2.7865,-0.648,0.084,-0.655,7.006,10,3.308,-0.991,12.455,5.25,-1.52,0.36,9.478,-3.772,-3.2553,-0.6709,-4.1763
-0.8828,-0.436,-1.2255,2.866,-1.432,-5.033,-9.44,2.519,6.303,-13.537,-6.358,-14.573,6.583,-15.085,-1.2876,1.2315,-2.1769
0.8293,0.1239,-0.5627,4.315,-6.112,-8.068,-4.247,0.686,-8.988,12.686,6.332,-3.489,9.279,8.491,1.1455,0.7351,-0.2503
-1.2151,-0.7646,1.819,-3.203,13,10.829,-7.763,1.447,13.162,-6.08,-7.226,1.932,-4.203,0.726,-1.7862,-1.0623,0.7097
0.1372,-0.6713,-0.3858,-3.883,-1.379,-3.836,7.64,-4.609,-4.252,1.15,-10.727,-14.884,-9.23,2.044,-0.4671,-0.2418,-0.3
-2.0457,-0.6045,-1.6866,-3.692,-0.512,4.92,-5.627,5.698,-5.676,13.996,7.558,-8.548,3.552,3.72,-2.529,2.0781,-4.536
-0.0146,-0.415,-2.05,-6.141,-8.175,1.773,8.105,-4.422,-8.983,-8.755,3.835,0.159,7.598,2.741,-0.3647,3.1517,-2.2505
-0.9106,-0.4945,-0.1444,-7.068,3.397,-1.969,-3.074,14.128,9.085,7.83,4.507,-9.917,-1.781,1.76,-1.3139,-0.3305,-1.0026
-0.3028,1.6217,1.416,-7.444,-3.5,12.644,16.892,-11.573,6.889,4.506,-7.484,-5.037,-15.419,16.561,0.7752,1.1772,1.3037
0.7422,-0.249,-0.1415,3.153,-3.898,-3.107,0.685,-6.929,-2.576,0.777,-12.455,-8.979,9.451,7.519,0.6111,-0.1939,0.1446
0.572,-1.2349,0.1847,4.376,0.993,-8.455,-3.384,3.477,8.955,7.528,9.092,6.332,2.95,-1.16,-0.5569,-1.4157,0.5293
-0.7755,-0.5988,0.3195,10.66,-7.236,15.089,0.817,2.561,-16.282,1.501,-6.252,9.844,8.702,-2.419,-1.2334,-0.8481,-0.4391
-2.0926,-0.5512,1.0504,8.906,-4.932,-4.527,-4.253,8.54,3.04,-0.169,4.832,-4.278,4.263,-1.518,-2.647,-1.0656,-1.6285
1.2636,0.8436,0.4303,-6.529,-0.506,-6.356,6.696,-6.908,3.62,4.224,11.207,20.942,-10.29,-14.911,2.5618,0.5014,0.9029
-0.7154,-1.1085,-0.1198,4.296,-3.573,2.743,1.888,-0.771,-14.251,7.856,-1.296,5.341,-25.521,-12.387,-1.468,-0.991,-0.7735
0.0997,-1.6213,0.1657,-0.2,1.721,1.068,12.618,-3.941,9.54,-3.14,10.739,-6.613,8.762,-2.57,-1.2046,-1.7834,0.3372
1.8813,-1.6033,1.1551,-7.461,-0.934,-10.369,-1.176,7.658,1.031,-2.473,0.484,-1.324,7.16,-4.435,0.1028,-2.1006,1.5044
-0.7707,1.0559,0.7662,6.433,-3.344,9.775,-3.706,-11.388,9.25,-6.532,4.264,2.472,-6.851,3.541,-0.2696,0.5771,0.1065
0.3995,-2.3156,-1.4962,-1.335,-15.007,15.836,-6.353,-1.721,-7.566,2.407,16.18,-10.926,-2.975,-12.707,-1.6536,-0.1068,-1.4207
-1.2364,-1.6119,1.3373,-6.886,3.813,3.932,4.83,-3.97,-4.379,-13.724,0.949,-0.585,13.102,2.598,-2.2325,-2.0726,0.2045
-1.2762,0.6877,0.9152,-6.108,10.598,11.002,-4.922,2.029,-16.309,11.121,-4.29,1.462,-6.435,-4.886,-1.3007,0.1732,-0.389
0.2038,0.3967,0.6546,14.656,0.825,4.678,-8.826,2.879,-6.527,-3.198,-9.075,3.406,7.046,4.188,0.5413,-0.0638,0.749
0.4335,-1.1371,-1.4482,7.728,-3.37,0.559,3.461,6.816,2.179,-18.263,4.813,-1.411,-0.166,-1.184,-0.5504,0.9416,-1.3636
1.7096,-0.1229,-0.9966,3.809,-0.293,-0.777,-1.195,-7.365,-13.882,-5.957,1.491,-13.903,-1.232,11.437,1.9035,1.2094,-0.8537
-0.6927,-0.0539,-1.2928,-1.245,-4.736,-1.358,3.151,4.658,24.207,0.789,4.224,-6.9,-2.515,5.981,-0.8617,1.8325,-2.135
0.7302,1.3449,0.1878,-0.613,13.757,-1.445,-1.396,5.133,-11.704,-7.529,14.268,-8.718,-6.284,12.321,2.3597,1.2485,0.5979
0.5046,-0.4812,-0.4495,-8.186,18.903,-3.13,14.859,-1.729,-1.674,5.453,-7.878,8.093,12.784,-0.771,0.0475,-0.0487,-0.235
-0.4948,0.2611,0.8903,-9.687,-5.614,-7.399,2.061,7.583,8.712,-6.597,-7.844,-9.542,8.267,-10.738,-0.4361,-0.2723,0.6003
0.4466,-0.4324,-0.9847,-9.341,-3.078,-17.691,0.89,-8.39,1.357,8.675,3.307,-2.225,3.64,3.763,0.159,0.8053,-0.7986
-0.2359,-1.868,-0.383,0.865,-4.627,6.314,-8.432,4.45,7.796,-9.487,-2.331,-10.769,6.403,-4.839,-1.612,-1.369,-0.5748
-0.1697,0.0393,0.407,0.842,-7.533,-0.561,-2.475,-24.752,-8.398,-5.922,-3.388,-5.588,-2.828,-4.137,-0.177,-0.1908,0.298
-1.3904,-0.3822,-0.1682,12.207,-7.773,5.302,11.013,-1.235,-3.265,9.077,0.658,2.936,-0.537,2.77,-1.8382,-0.2549,-1.7155
-0.8776,1.1655,0.3205,0.902,-9.151,3.929,-9.329,-3.203,-13.704,8.242,3.578,-2.067,-2.253,9.616,-0.4903,0.9456,-0.5094
-0.174,-0.5713,-1.4586,-5.297,0.566,-0.426,11.037,-0.468,7.652,-8.969,-11.154,5.825,-6.305,4.984,-0.618,1.6034,-1.6966
-1.0872,0.4557,1.008,-4.935,3.144,-4.74,13.774,7.65,-10.294,-5.081,-10.846,2.275,8.578,12.936,-1.0188,-0.0605,-0.0021
-0.3727,-0.4337,-0.3387,-0.357,10.703,-11.156,0.73,9.535,10.202,4.675,0.255,8.084,-4.086,6.738,-0.8272,-0.091,-0.6471
2.6357,0.4359,-0.5029,-1.884,8.745,13.423,-0.052,3.649,3.423,7.213,3.987,-9.523,4.8,1.329,3.8036,1.0386,-0.7767
0.679,0.2506,0.2412,6.24,4.225,13.103,-1.741,0.726,4.598,-0.124,3.544,-2.592,-2.188,-6.086,1.0183,0.0355,0.6471
-1.0228,-1.169,-0.5614,0.683,12.15,3.796,4.479,4.998,-9.114,-9.991,11.27,9.593,-8.945,-5.595,-1.7892,-0.5607,-1.6477
-0.6563,-0.7284,1.1326,4.526,4.839,4.077,3.649,-8.016,-2.106,-6.786,-0.713,-2.304,-2.69,2.071,-1.2285,-1.2248,0.6362
1.104,1.4869,-1.0429,-1.524,6.278,7.373,3.864,-7.936,-7.061,-18.986,-11.78,-15.572,1.498,3.541,3.0434,2.891,-0.771
-0.7314,3.3598,0.8472,-6.489,2.295,3.2,-1.892,8.931,7.085,2.444,-7.746,-13.181,-2.591,-15.935,1.1242,2.9532,0.2998
-2.0944,1.6238,-0.021,-5.673,-9.149,-10.878,-8.877,0.343,-7.801,2.664,5.967,-5.75,11.334,-10.628,-2.219,1.5887,-2.8377
-0.0426,-2.3595,-0.6172,4.538,9.251,5.282,2.253,-6.023,1.43,-7.817,4.184,1.468,5.939,-7.984,-1.9471,-1.5748,-0.7303
1.1433,-1.0514,-0.5064,-9.431,1.285,-3.717,10.444,2.085,-7.753,-8.771,2.072,-1.37,6.401,13.376,0.1602,-0.5569,-0.1508
1.6488,1.2272,-0.869,7.361,26.792,10.024,7.114,1.765,1.931,-11.352,-5.397,0.646,10.165,7.622,3.4884,2.3289,-0.6044
0.8365,0.8863,-1.1045,-1.644,14.816,5.107,-3.3,-2.34,5.376,1.087,5.025,-4.614,1.132,-15.653,1.9257,2.3403,-0.8819
-0.3988,0.1468,0.346,-2.466,8.48,5.28,-7.983,0.133,-2.281,-3.797,-3.019,-2.427,1.298,-3.76,-0.3874,-0.1051,0.0892
-0.8263,0.5496,0.4532,3.704,2.452,-4.741,-10.143,5.399,-0.193,-2.199,-2.142,-7.87,1.464,6.988,-0.6507,0.2391,-0.2981
-0.5437,-0.0272,0.7042,0.683,-2.141,-2.83,1.141,-11.919,-11.856,-2.89,-0.379,-9.061,2.641,0.503,-0.7174,-0.4655,0.3302
0.5102,-0.8161,1.6805,3.701,5.702,-8.403,8.362,7.159,-3.005,3.252,-4.707,-2.382,11.901,2.531,-0.1458,-1.224,2.1411
-1.1537,-0.3028,0.0765,-7.972,2.658,-4.484,2.234,-2.269,-0.775,1.595,7.188,9.676,3.313,17.844,-1.528,-0.3388,-1.2144
-0.8798,-4.6106,-0.8589,5.557,4.91,-8.463,-1.223,2.672,-1.249,-6.07,4.004,-7.918,-0.543,15.671,-3.5717,-3.5102,-1.8336
-0.6357,1.0383,-0.4159,4.591,-14.531,-1.426,0.59,4.114,1.427,5.818,-0.547,-7.629,6.658,-2.339,-0.1576,1.5431,-1.0563
0.8383,1.1355,1.2173,4.691,15.906,11.273,10.658,7.902,12.548,-10.613,1.962,2.175,5.149,-6.648,2.2187,0.6054,1.7677
0.306,-0.0458,-0.4689,-0.189,-9.664,2.362,2.855,1.255,-8.648,-6.932,9.011,2.868,-7.553,0.488,0.3443,0.4966,-0.3343
-0.1686,-0.1626,-0.5284,-4.94,4.255,-7.953,-7.35,-7.161,-2.486,10.3,-2.361,-0.237,-4.536,-1.348,-0.2739,0.3702,-0.6969
0.5256,-0.0851,0.3609,1.339,4.01,3.938,5.861,11.921,7.583,-9.592,-6.212,9.853,-8.167,8.272,0.4871,-0.395,0.6736
-0.2559,1.5501,1.9685,3.918,-5.476,-3.684,7.355,10.184,-0.386,5.12,-15.656,3.802,8.437,7.934,0.7785,1.3493,1.94
-0.6147,1.8592,-0.8267,0.411,-10.47,3.877,2.505,15.463,1.315,2.542,0.19,3.393,-3.253,5.199,0.3824,2.8613,-1.44
0.0903,0.1876,0.5461,-1.779,0.504,-8.12,3.124,7.541,9.383,1.685,4.284,25.947,-13.603,3.094,0.2832,-0.1341,0.6299
1.1302,-0.2374,0.5165,-7.234,-3.564,7.976,1.28,-5.368,11.364,1.103,-3.664,2.087,4.443,-22.393,1.1085,-0.6009,0.957
-1.6647,0.2539,0.2933,12.59,-7.129,-6.054,9.927,4.328,1.541,9.265,12.216,0.07,0.492,9.026,-1.9634,0.105,-1.6163
0.8423,1.3233,-1.028,7.204,0.574,-0.704,-3.967,-4.674,-6.882,-5.405,2.372,3.91,-7.629,-6.646,2.3615,2.7607,-0.7186
-0.4991,0.0475,0.6704,5.989,-8.129,-17.388,-4.042,-10.856,1.279,0.888,8.382,-5.461,2.727,-11.283,-0.5734,-0.3661,0.2837
-1.5907,0.6815,1.523,-1.684,0.334,-0.342,-3.201,-11.072,6.244,6.398,-3.731,4.971,5.27,0.25,-1.7342,0.2065,-0.3048
1.5405,-0.2972,0.1316,4.994,-5.563,7.932,18.675,-6.742,5.095,-2.75,-8.276,16.372,5.398,0.929,1.4565,-0.381,0.4697
1.3404,0.1783,0.9876,-0.184,-2.973,17.619,6.023,8.35,-10.326,-6.622,-3.733,-2.007,5.629,4.266,1.7928,-0.3331,1.5231
-1.8162,0.2317,0.9794,-0.032,-14.277,-1.607,-17.275,-0.421,-3.117,-1.591,-4.524,-0.619,19.684,3.855,-2.0928,-0.2319,-1.1482
0.7192,-0.0505,0.9512,6.728,5.828,-7.059,17.606,4.36,1.391,6.142,4.63,4.561,2.784,-11.14,0.8087,-0.4979,1.3761
0.1283,0.4668,0.8167,1.815,8.711,-3.393,7.344,5.169,8.485,-15.665,-5.717,-19.292,-6.486,-6.298,0.5309,-0.004,0.9789
0.8624,-0.1313,0.3018,2.304,0.634,5.874,3.164,6.258,-2.337,-13.106,4.449,-4.331,-2.868,2.089,0.847,-0.402,0.7073
-2.7512,-0.1165,-0.229,-0.748,1.04,11.33,11.647,1.451,-5.16,-6.767,-3.488,-2.193,2.007,-6.144,-3.2827,0.0623,-4.4834
1.602,0.8581,0.356,-1.249,4.914,-14.256,5.543,6.798,5.294,19.703,5.987,0.815,8.21,13.528,3.0635,0.5377,0.7759
0.0232,-0.4899,0.6327,3.076,2.498,-0.113,2.178,-2.886,-3.834,-17.914,7.197,17.857,-6.066,-6.855,-0.3859,-0.8983,0.6537
1.8585,-0.9645,0.9757,-3.199,-19.378,1.665,-1.942,-6.804,-5.957,1.881,4.544,12.962,-5.486,5.328,0.9758,-1.4407,1.2676
2.2102,0.5248,0.4757,11.432,14.483,6.628,1.513,-9.617,5.635,-1.479,-0.313,-4.767,-16.666,3.85,3.46,0.1667,0.5738
-1.0036,-0.2095,0.1712,0.412,-0.377,0.745,-6.456,8.618,-2.575,13.912,-10.43,12.204,-7.563,1.756,-1.3106,-0.2844,-0.7853
0.5342,-0.2032,-1.1652,0.451,0.621,4.066,-6.206,-0.377,9.687,6.376,3.403,19.504,-2.548,2.622,0.4526,1.4008,-1.0096
-1.1813,0.7924,0.469,-7.723,-1.212,-1.481,-4.16,-11.326,4.298,-15.336,5.439,-13.765,-6.552,-5.787,-1.0828,0.4693,-0.7614
-0.5022,-1.6675,0.9704,-1.053,-8.885,-0.019,-10.361,5.914,3.274,-18.174,1.695,-13.068,-3.431,-26.094,-1.673,-2.1495,0.6527
0.5282,1.6031,-2.2811,0.866,7.696,-8.3,1.64,-2.389,1.751,-2.955,3.829,-2.835,-4.409,-11.86,2.1528,5.8222,-2.2704
-0.7823,1.1431,-0.5204,-7.065,6.761,-9.2,12.291,4.446,-1.733,-2.539,-14.579,0.788,-10.841,6.4,-0.3252,1.6468,-1.2994
0.4729,0.4802,0.5269,6.861,7.672,-1.484,2.458,-8.977,-5.016,6.925,-4.788,-8.086,-2.744,4.371,1.0724,0.1686,0.7904
1.4094,-0.9188,-1.0308,1.733,0.05,7.997,-3.409,0.059,-15.407,-2.2,10.207,-2.731,11.008,6.223,0.5421,0.3781,-0.6781
-0.5579,-0.1998,-0.5739,1.26,-4.278,17.076,-1.993,-2.68,-1.085,8.919,-3.502,3.613,2.858,-5.108,-0.9111,0.4078,-1.0564
-0.4316,2.6208,-0.8748,2.121,-2.235,-11.936,-5.996,7.32,8.849,-2.052,-5.282,5.035,-2.708,-4.46,1.1916,3.7266,-1.2918
0.236,-0.751,-0.7645,0.523,-9.43,-14.444,5.838,3.154,-5.11,1.223,13.043,9.767,-2.072,-8.044,-0.3947,0.1178,-0.7226
-1.3483,0.4531,-1.0961,0.948,-1.696,-2.337,-5.217,-12.213,0.9,7.315,-19.579,-7.846,9.024,-2.047,-1.4041,1.88,-2.7783
1.7763,0.782,-0.4137,-0.705,-16.375,-1.461,0.667,-4.094,-3.615,0.668,-3.355,-17.826,-2.327,15.1,3.1904,1.1674,-0.1879
-0.5906,0.9063,-0.1671,-7.436,-0.254,6.329,-3.641,3.981,9.175,4.756,-6.918,8.835,-4.187,-6.711,-0.1241,1.0723,-0.6365
0.3746,2.5408,0.1419,4.379,-15.152,-3.979,10.926,0.114,-1.976,6.74,-4.904,-9.689,-12.692,-12.988,2.7717,2.4226,0.3389
0.7968,-1.1463,-0.1891,-6.558,5.7,7.675,-15.508,-6.21,8.447,5.358,9.513,8.868,-6.558,2.032,-0.277,-0.9881,0.1537
-0.5576,0.6744,1.0696,-4.623,-8.733,-6.857,-4.335,1.839,-4.096,-3.013,-1.199,2.498,-11.847,-0.564,-0.2488,0.1882,0.6593
1.2852,0.3422,1.2481,-2.416,7.997,7.476,-1.916,5.57,-3.248,-5.64,-3.74,-8.582,7.567,3.787,1.9584,-0.1842,1.8605
0.9638,0.7961,0.542,0.439,6.802,4.696,-0.318,-13.633,13.178,-1.643,-6.617,-4.419,-18.212,0.116,1.9052,0.4109,0.9973
-0.5769,0.2567,-0.945,-7.347,6.407,-13.976,-10.562,6.88,2.344,4.603,3.672,3.501,6.157,2.841,-0.5681,1.4565,-1.5145
-1.3286,-0.9481,0.0015,8.486,6.606,2.808,-7.306,9.54,-7.044,2.331,5.576,-1.57,9.681,-2.247,-2.0226,-0.9247,-1.4177
2.2465,-0.5846,-0.2774,-1.579,-7.696,-1.855,5.727,-8.698,-1.114,3.73,-3.854,-4.98,6.03,-5.86,1.848,-0.3099,-0.2316
0.2334,1.7553,1.5187,3.522,0.221,-0.595,-9.986,-0.025,-7.851,-17.971,9.282,3.141,6.711,-16.689,1.8402,1.3505,1.7923
1.8703,0.7229,-0.4462,2.602,0.511,8.988,12.169,-15.535,-0.892,-0.651,8.486,-2.349,-5.424,7.462,3.2366,1.1555,-0.1078
-0.9824,0.4492,0.7388,-7.084,-7.192,5.808,-4.755,11.676,-11.943,2.178,5.379,-1.902,3.586,15.708,-0.94,-0.0637,-0.1456
0.2677,-0.0663,-0.9036,-3.725,-2.656,-16.713,2.185,-2.291,1.416,8.741,-4.812,-7.28,-11.144,5.18,0.2137,1.0379,-0.8741
-0.9091,1.7888,-0.3512,-0.811,8.736,-1.726,7.468,0.432,-9.633,-3.373,-6.939,16.988,4.37,-6.307,-0.1614,2.1332,-1.2569
-0.0363,-0.9135,1.5692,2.739,-4.32,-2.38,-0.107,-14.942,-7.406,18.614,1.087,-5.411,-9.651,2.623,-0.7843,-1.3769,1.7149
0.7583,-0.6879,-0.3144,-4.809,0.244,3.797,-6.342,-3.816,7.696,-9.518,7.642,-5.376,0.146,-10.103,0.1847,-0.3889,0.0163
1.183,0.5111,2.939,-2.72,3.401,10.152,2.158,-7.667,9.538,8.212,4.061,0.805,-7.962,-11.526,1.9935,1.2927,3.666
1.9937,0.1864,-0.6378,1.691,1.104,15.343,-3.13,9.712,3.963,-4.173,6.948,8.888,6.35,-2.197,2.7478,0.9313,-0.5117
0.7705,-0.0242,-0.011,-7.007,4.386,14.426,7.759,13.208,3.682,-0.605,-6.237,-9.715,15.073,9.618,0.886,-0.0301,0.2935
0.1761,0.7818,-0.1012,9.578,-0.66,-3.583,-1.989,-6.638,-5.186,-5.246,-14.088,7.278,3.068,2.821,0.8667,0.8257,-0.0228
-2.3907,0.4939,0.3424,-0.318,3.37,0.47,5.65,4.587,-12.187,2.014,-3.267,-7.256,5.223,8.487,-2.846,0.2174,-3.0414
-0.9678,0.2104,0.9284,0.257,-11.002,-11.983,1.764,-5.693,-18.718,0.118,1.599,-2.407,7.82,-3.906,-1.0442,-0.3052,0.0576
-1.7008,-0.7265,-1.0723,2.857,-10.522,-3.661,4.998,9.382,-1.649,-4.533,-5.236,-6.827,7.857,16.715,-2.3254,0.6735,-3.159
0.608,0.6761,-0.8008,-9.973,4.588,-1.206,-4.443,17.102,3.364,-0.96,8.503,1.952,-3.926,-0.675,1.3742,1.6058,-0.5551
-0.0375,-0.3033,1.096,-0.742,13.738,0.012,2.318,-3.666,-20.043,-1.63,5.755,-6.85,8.752,8.637,-0.2788,-0.8453,1.1189
0.6488,0.5022,-0.0796,5.948,13.71,10.723,-17.881,5.612,-2.018,-12.867,-6.582,-0.205,-1.617,11.427,1.2333,0.6185,0.1532
-0.7358,0.7318,-1.2588,3.432,2.962,1.907,-11.731,-5.687,14.563,-7.3,-3.937,-0.342,0.041,-3.914,-0.5095,2.5058,-2.123
0.0475,-0.523,0.0433,3.076,-5.461,1.089,-0.136,12.278,0.757,5.886,-3.26,14.02,0.21,-10.58,-0.374,-0.5213,0.0168
0.6121,0.5473,-0.2702,5.54,-7.51,-16.102,-15.195,-3.281,-12.65,-0.675,-5.248,12.293,-3.007,-8.231,1.2587,0.8284,-0.0233
-1.165,-0.2386,0.6303,-4.816,-4.334,-4.727,11.997,2.252,-10.609,3.037,-1.225,-9.261,4.605,-3.229,-1.5188,-0.5818,-0.6224
-0.5052,-0.4883,-0.8165,-2.432,4.131,-16.615,-5.322,0.426,5.851,12.722,1.46,-8.116,6.561,8.95,-0.9166,0.5591,-1.3225
-0.096,-0.9766,0.2324,13.945,2.704,-4.405,11.671,1.415,-3.967,-9.205,6.664,-2.266,-0.043,-4.362,-0.8925,-1.1206,0.1802
0.9944,0.8603,-1.7045,-6.168,-2.932,0.991,-11.031,-5.064,-1.818,7.753,0.008,-6.901,10.374,-4.365,2.1571,3.5416,-1.4974
-1.2704,-0.5245,-0.5792,3.286,-5.075,12.876,15.572,0.125,-6.7,14.996,-10.538,1.549,0.984,13.279,-1.74,0.1835,-2.0945
0.7163,0.9704,0.1699,5.613,-1.916,5.576,-8.683,10.711,3.011,-1.51,10.514,12.117,-2.081,-3.665,1.8808,0.8101,0.4754
-1.0622,-1.1513,1.4415,2.385,12.785,3.261,-13.684,-4.704,6.518,-16.624,-4.97,-0.417,17.795,-15.526,-1.8831,-1.6694,0.4996
-0.6544,-0.7845,-0.4026,1.25,-1.447,3.654,-1.59,-11.643,-7.133,0.719,-4.517,-2.461,-0.154,11.275,-1.2961,-0.3749,-1.0166
-0.078,0.1325,-1.2033,-6.353,-7.926,-2.486,0.76,2.18,1,2.664,-9.116,27.773,-20.828,-10.142,-0.008,1.8525,-1.4208
1.2293,0.389,-0.3925,3.423,-1.46,-3.808,3.398,1.277,-8.774,-2.04,-1.792,-8.401,-2.883,3.039,1.9257,0.8811,0.0292
1.3627,-0.973,1.0382,-2.529,2.778,0.601,-4.192,-7.726,-6.132,-2.792,-3.943,-12.889,7.621,-23.339,0.4158,-1.4828,1.5402
1.4791,-1.0859,-1.0919,4.091,17.547,6.436,1.727,10.701,-2.299,-11.764,-4.186,11.838,-8.055,3.065,0.4635,0.408,-0.8168
0.4769,0.589,-0.5044,-12.849,6.01,-0.645,-17.851,5.672,1.066,9.546,3.568,-5.87,-5.132,2.703,1.1104,1.1056,-0.2309
1.1628,0.4883,-0.8639,0.609,-5.368,8.05,14.318,2.175,0.589,9.249,2.184,-10.781,3.322,-0.364,1.9621,1.5862,-0.5321
-1.7097,-1.3426,0.4627,-5.795,9.846,6.061,-5.3,12.482,-11.362,-7.042,4.625,-12.765,-2.171,8.505,-2.411,-1.6906,-1.5594
-0.4891,-1.6227,-0.5209,6.423,8.72,14.461,-11.415,4.444,3.1,28.459,-4.667,1.916,-5.5,-4.157,-1.6084,-1.0999,-1.0438
-0.0214,0.5313,0.6768,1.325,0.305,-6.88,10.741,-4.684,9.306,-7.318,-1.597,12.053,-0.221,-17.821,0.4462,0.1347,0.7794
1.7715,0.7592,-0.9486,1.665,-2.96,-2.624,-9.844,-12.715,6.713,-1.581,7.618,7.661,2.098,5.739,3.1742,2.0564,-0.7725
-0.2479,-1.0242,-1.9262,-3.073,-2.536,-1.388,12.628,1.225,-0.996,11.572,-11.327,1.467,0.594,-3.344,-1.0666,2.2324,-2.3393
0.6618,-0.5107,-1.0354,3.545,-1.728,5.879,3.015,6.393,12.863,-18.778,-4.415,12.372,9.724,10.558,0.3445,0.8227,-0.83
0.2711,-1.3008,0.2675,-9.617,-0.127,1.099,-2.279,-4.433,-9.835,-15.635,-5.37,-12.757,3.121,-16.135,-0.7764,-1.546,0.413
-2.2527,-0.3233,-0.1998,-6.643,-11.012,-2.819,-2.171,-6.107,-11.561,-7.255,3.684,-1.978,-6.972,-8.48,-2.6818,-0.14,-3.2392
0.5349,-1.2429,-1.2509,-3.875,4.787,-8.399,-14.547,-3.382,-6.807,2.869,3.536,-10.916,1.398,-0.133,-0.4446,0.5234,-1.1294
0.5627,-0.4145,0.2848,-2.728,-6.095,7.539,3.992,-13.954,6.072,-7.186,8.187,-7.952,-4.107,-8.389,0.2739,-0.6063,0.601
0.5257,-0.0446,-0.2676,-9.051,13.372,6.357,13.365,-6.817,-9.055,-11.854,-14.155,10.072,-12.732,-8.216,0.5487,0.205,-0.0113
-0.9643,0.9058,1.2072,0.399,13.972,7.396,3.487,3.991,5.965,-5.063,-0.657,-12.362,-1.771,6.224,-0.6617,0.3922,0.3754
-1.613,-0.8959,-0.2138,5.464,2.334,12.527,10.601,1.27,-4.445,-4.238,1.488,-5.956,-17.076,-4.086,-2.2636,-0.6416,-2.1857
-0.4391,0.4525,1.4213,-2.085,8.016,4.326,5.833,-2.586,-9.242,0.638,2.555,-8.403,5.782,2.387,-0.2904,0.031,1.1276
0.0961,-0.7507,0.3857,-3.081,4.91,1.009,4.86,4.167,-8.871,-7.388,-7.453,-2.645,1.601,-10.313,-0.5519,-1.0934,0.502
-0.5246,0.837,1.8059,1.506,-3.396,-3.868,5.711,-0.884,15.031,2.136,10.705,2.626,5.755,4.901,-0.0853,0.4911,1.5046
-0.6083,0.5003,-1.873,-4.753,5.377,5.476,-0.63,6.727,-5.306,15.983,5.836,-0.715,0.146,-2.962,-0.4398,3.5861,-2.5933
-0.9418,-1.2961,0.1369,-4.362,16.831,-0.013,7.585,-7.572,-0.346,1.846,-4.22,-24.747,-3.565,4.153,-1.7658,-1.394,-0.8096
-2.4919,0.4851,-0.7196,-8.161,-15.955,16.856,7.827,-2.135,-0.829,-3.448,-4.025,-3.628,-3.403,-6.757,-2.9586,1.3548,-4.3338
0.6846,-1.2415,0.5863,-4.75,-3.206,-5.37,1.912,7.53,-15.921,12.869,1.635,-9.306,-6.405,6.24,-0.3693,-1.579,0.9582
-0.8463,-1.255,0.9063,-9.722,-6.719,2.375,-6.069,2.224,-8.863,0.417,-13.963,-0.672,0.35,-7.465,-1.7488,-1.7286,0.2095
0.1896,-0.8395,-1.6802,0.076,-8.231,-3.086,2.737,-11.961,-4.275,-14.171,9.35,8.755,-9.165,-12.737,-0.4391,1.8619,-1.7662
-0.0142,0.9335,0.5024,1.433,-3.747,-4.688,-6.402,-36.78,0.207,-4.878,-7.768,-0.25,-12.685,-3.096,0.7181,0.6626,0.5492
-2.0474,-0.3889,-0.2126,-4.299,5.134,5.757,-6.188,-8.802,6.568,-2.079,6.506,-13.126,1.32,1.885,-2.6049,-0.2089,-2.8717
0.3491,0.1091,-0.3051,-4.09,4.303,-13.555,5.366,5.935,-6.257,13.241,9.139,12.242,-19.579,6.045,0.5327,0.3611,-0.1465
-0.6304,-1.472,-1.4803,-5.269,5.585,1.617,4.322,14.993,-3.24,-7.925,-10.893,9.742,-2.762,-5.256,-1.72,0.6669,-2.2246
-0.086,0.7261,-0.5404,-4.257,17.376,-7.619,-1.779,0.976,6.723,-0.207,0.31,11.637,3.483,1.051,0.4776,1.2784,-0.6551
0.5275,-0.9293,1.8939,0.802,-5.323,-0.966,0.886,-4.72,-6.298,-1.157,-9.075,-5.469,-5.628,-2.773,-0.2184,-1.2642,2.4369
-0.28,-0.0666,0.0904,4.636,7.237,-5.533,-9.24,-18.904,-20.039,-1.181,2.511,-5.521,-6.154,7.006,-0.3527,-0.2542,-0.0268
-1.2276,-2.6356,0.1642,-1.834,12.667,7.949,-8.095,-2.588,-23.067,-8.29,-6.701,8.955,7.968,10.244,-2.6587,-2.7596,-1.1429
-0.6717,2.1546,-0.0001,-0.65,-5.447,14.496,0.018,4.45,-17.307,-1.328,0.548,12.773,-9.007,-6.392,0.4945,2.1808,-0.5984
-1.5722,-2.9972,0.2769,2.737,5.922,-9.897,-11.978,-10.772,-1.374,3.144,12.003,9.86,-0.726,4.518,-2.8445,-3.2218,-1.4759
-0.4763,-0.0117,1.8596,-6.052,12.071,-7.613,10.466,-4.329,-0.709,-11.408,-7.65,-1.71,-8.015,7.914,-0.5399,-0.307,1.7037
0.3061,-0.4187,0.731,10.846,-7.66,-3.397,-0.792,-6.048,-0.78,1.218,5.746,-0.106,4.515,-4.819,-0.0476,-0.8743,1.0356
0.8459,-0.2549,0.349,-2.831,-6.168,5.801,2.975,-0.643,-9.591,-0.004,-8.51,12.392,14.232,-17.697,0.8025,-0.5519,0.7494
1.2169,0.3583,-1.7105,-11.61,-0.982,-7.684,-6.274,6.264,6.306,-6.238,2.381,-9.183,14.898,0.703,1.7998,3.0657,-1.4712
-0.646,-0.3494,0.7078,1.144,9.525,-4.899,10.049,-5.466,12.335,-14.966,-10.172,5.692,-7.862,1.932,-0.9675,-0.7234,0.1708
0.3465,1.0092,-0.9956,-4.115,4.998,-19.956,-7.551,-3.624,1.726,-3.315,-1.838,-9.755,3.538,-7.676,1.3462,2.2298,-0.9108
1.6496,0.5044,2.0364,-7.758,4.558,-11.533,4.1,-13.903,-3.456,3.137,-5.777,-0.643,1.382,5.069,2.6733,0.3531,2.6159
-0.9775,-1.688,0.0264,-0.552,-11.679,-1.631,5.989,-14.678,2.705,0.188,-0.469,-4.4,3.296,-2.72,-2.0246,-1.6947,-0.9436
-1.9556,-1.7014,1.8318,0.048,11.314,-4.08,4.593,4.305,3.531,-3.018,-3.185,2.392,-9.641,9.576,-2.7015,-1.9733,-0.5034
1.5293,-1.7652,0.3819,-1.645,-5.158,-0.92,-15.063,0.254,5.229,14.715,1.148,5.386,2.586,1.125,-0.3818,-1.99,0.7794
-0.5882,0.2583,0.2959,8.012,2.479,8.386,9.129,-1.941,7.639,-14.064,10.863,-6.765,1.979,9.898,-0.5966,0.0717,-0.1556
0.6858,-1.1217,1.9314,10.337,-4.96,11.466,6.647,-7.064,-12.045,7.366,6.497,-9.263,-5.098,-0.184,-0.2831,-1.4002,2.5053
0.4858,-0.2388,0.4733,1.557,-0.886,-1.761,19.044,15.399,-3.703,3.857,-2.31,1.815,3.704,9.024,0.3567,-0.607,0.7879
-0.169,0.6571,-0.8766,-4.679,-7.248,-0.949,3.265,0.336,12.41,-17.027,13.24,-3.969,-10.159,-8.77,0.3181,1.8105,-1.1302
-0.2628,-0.6641,0.0289,-4.608,-13.444,13.709,9.324,0.611,7.632,3.574,-0.48,-3.93,4.675,-4.926,-0.8142,-0.717,-0.1612
-0.3547,0.8103,-0.151,6.622,-13.062,-5.233,-2.681,5.628,-1.044,1.256,6.766,-6.24,-8.618,5.782,0.1381,0.9647,-0.4096
0.667,-0.6075,-1.6014,-3.947,10.103,-12.862,7.651,-3.764,-8.145,17.819,-2.809,-2.727,3.568,-1.01,0.2082,1.8714,-1.4765
-0.8743,-0.527,0.2385,2.039,9.724,10.183,-5.963,8.098,8.271,-2.516,8.45,-4.687,-2.528,5.772,-1.3259,-0.7988,-0.6064
0.7426,1.4349,0.0143,-3.86,3.371,-6.146,6.316,2.414,-0.972,-7.492,5.68,14.639,-3.293,5.942,2.2673,1.4051,0.4234
-1.5808,1.5023,-0.06,-6.059,-2.793,6.735,3.374,-3.429,11.581,15.087,-1.851,-5.244,0.785,3.459,-1.4552,1.5638,-1.9013
0.3057,-0.5571,-0.4859,-6.098,-10.333,6.134,-0.918,-2.902,-12.09,27.416,8.959,-2.199,-7.863,-3.852,-0.1199,0.0049,-0.319
1.0684,0.7861,1.0692,-6.589,3.345,-18.999,9.093,-10.639,-7.093,-3.356,4.924,0.02,-16.388,-0.465,2.3047,0.3089,1.5741
-2.1735,-1.1445,1.1392,-9.293,-1.645,-2.651,-3.291,0.756,3.629,-7.179,7.798,-3.839,2.181,-5.896,-2.7678,-1.6298,-1.6801
-0.5264,1.5674,1.5015,-1.105,-3.142,5.09,-7.16,2.167,3.181,-5.803,3.615,3.604,-2.502,1.066,0.3495,1.1684,1.2146
-0.6293,-0.3729,-0.2999,-1.137,3.011,23.957,-5.357,1.757,14.896,0.001,5.936,16.196,0.166,-14.397,-0.9855,0.0067,-0.9287
-1.4149,0.3281,0.9805,-6.107,-8.069,4.658,3.498,-18.37,14.669,14.004,10.646,-2.128,9.341,13.178,-1.6057,-0.2221,-0.483
-1.7283,-0.342,0.9056,-8.318,-8.9,1.332,0.73,-6.506,-8.114,-15.707,-12.096,11.275,-7.392,-1.779,-2.1353,-0.8116,-1.1228
-0.1014,0.8061,-1.432,3.431,-8.319,-2.131,9.641,-0.897,-0.081,-3.065,9.166,1.132,-4.425,3.216,0.4821,2.9124,-1.6832
1.0783,1.931,0.7843,-2.778,-15.464,-0.79,-0.888,17.441,-3.314,0.479,-0.295,-7.012,3.169,-2.659,3.4505,1.4749,1.2061
-0.5928,0.0784,-1.3336,5.562,-11.21,0.118,-3.143,-4.752,-5.36,-4.595,-11.545,-10.283,-7.376,2.929,-0.6408,1.9649,-1.9849
-1.3857,0.7731,-1.891,-5.299,-12.522,-2.951,-1.921,10.674,1.486,10.131,-6.625,3.072,1.833,11.019,-1.3164,3.9289,-3.5089
-1.4328,-0.1265,-0.0797,1.674,-2.073,-4.929,8.998,0.965,-1.201,6.283,0.859,-2.641,-6.449,4.054,-1.7702,-0.0444,-1.7749
0.9692,-0.2655,1.0385,10.303,-2.789,9.47,9.998,1.884,-7.294,-0.66,-9.849,-8.171,-3.03,1.097,0.8046,-0.7843,1.478
-0.4548,0.7295,0.3767,0.885,8.493,4.659,14.859,4.588,-0.118,1.082,2.011,-13.85,-3.895,6.297,-0.1535,0.4602,0.0188
-1.3906,0.2653,-1.338,1.297,-1.871,7.326,-5.492,-7.639,-10.105,-12.813,-11.256,-2.111,-9.958,11.389,-1.6615,2.1801,-3.0086
-0.3578,-0.0868,0.2789,-3.227,8.147,3.489,5.042,19.643,-11.746,-0.051,11.774,-2.395,-8.03,9.707,-0.5107,-0.2703,0.0347
-0.2318,-0.8982,1.2368,2.567,-3.458,4.49,12.891,6.753,-2.391,-10.291,25.038,-1.059,1.729,-9.057,-1.0133,-1.3759,1.159
0.1102,0.9612,1.6421,6.183,-10.411,-3.144,-5.45,-3.536,13.456,4.907,-12.655,-6.036,8.005,-5.965,0.8681,0.6435,1.8352
-1.6526,0.2305,-0.0879,4.712,-8.212,2.493,-15.772,-3.52,-4.317,-6.807,-8.159,14.398,-8.293,-8.323,-1.8771,0.2695,-2.1305
-0.3263,-0.7583,-1.1064,-1.973,9.597,-4.631,-10.865,0.228,6.169,15.538,-6.41,0.613,-10.262,10.138,-0.973,0.7655,-1.4205
-1.0235,-0.3064,-2.026,-7.844,4.743,1.971,3.319,6.078,-0.547,-8.485,-13.841,-6.367,11.773,4.577,-1.4409,3.0741,-3.2614
-0.2242,0.2034,-0.5223,6.827,0.514,5.315,-4.647,-11.361,-4.251,7.286,5.428,3.795,0.428,-7.496,0.0064,0.7921,-0.9001
0.944,2.5695,0.34,-8.157,-6.583,0.307,3.334,-3.343,-14.632,6.333,-3.914,1.907,4.945,-3.635,3.9125,2.2357,0.7563
-0.7092,-0.9467,0.4102,1.285,5.281,0.818,3.815,-13.908,2.747,16.892,6.532,-1.197,5.297,-7.93,-1.3306,-1.2723,-0.1514
-0.6516,0.0597,-0.4998,-3.344,3.142,-2.661,-4.044,-3.578,5.06,-5.967,8.838,15.093,9.549,-4.212,-0.7133,0.6097,-1.1507
-0.7238,0.3964,-0.6568,-1.541,-9.765,4.678,-3.982,-7.235,6.353,14.204,-9.329,-12.349,-0.573,-9.976,-0.6295,1.2415,-1.3926
-0.3067,0.9442,-0.4771,5.25,4.707,-4.173,-5.192,8.763,-2.627,0.174,-6.665,-10.977,8.212,-1.429,0.3167,1.389,-0.8262
-0.4097,-0.6915,0.8089,-3.74,12.836,1.607,-5.134,0.936,-15.23,-4.452,8.561,-8.943,-10.088,-10.541,-0.9867,-1.1787,0.503
2.089,-1.0088,-0.4999,0.898,5.765,-0.303,-7.562,-15.133,-2.753,2.218,2.91,0.967,-4.122,6.94,1.085,-0.4735,-0.3889
0.8132,-2.815,0.9991,4.901,-15.589,-3.185,-2.365,2.712,3.144,-7.363,11.655,-4.44,4.403,6.779,-1.9354,-3.3351,1.552
0.0724,0.1061,0.601,2.808,0.805,12.661,0.619,3.246,-4.738,13.636,3.416,-13.816,-1.74,1.342,0.1979,-0.2927,0.6518
0.7197,1.7122,0.4221,-1.152,3.658,-12.071,-2.544,-6.3,-8.042,2.736,3.943,-1.765,11.74,-1.112,2.5031,1.4273,0.801
1.5539,-1.2615,-0.4384,1.635,3.171,6.985,-6.073,5.814,-6.646,7.24,-3.465,0.423,6.524,-7.206,0.2138,-0.738,-0.1069
0.6706,0.6421,1.4517,1.284,-7.493,-2.35,-2.764,12.86,-8.068,11.997,2.847,-0.819,1.042,2.674,1.4914,0.2151,1.9359
1.0308,0.672,0.3694,-3.799,3.587,-3.543,3.98,-0.696,-7.917,2.628,-8.686,8.178,-20.398,4.725,1.9447,0.4253,0.8816
-1.9361,0.1803,3.096,-0.101,-9.006,-0.332,-8.604,-1.631,4.007,6.939,-15.344,-2.321,-1.073,26.292,-2.2745,1.2614,0.9128
0.1336,-0.0499,-3.6513,-4.154,-6.073,5.807,-4.763,-6.132,1.828,-19.427,1.025,-15.499,0.97,-7.418,0.1778,8.6581,-3.8842
-0.7548,-0.4036,-0.4465,-6.338,1.176,-5.479,-5.991,1.884,-2.666,2.198,-2.296,1.378,1.86,2.056,-1.1458,0.0114,-1.2714
1.9007,-2.5789,1.0274,1.488,0.548,4.805,17.173,-3.318,7.707,-7.824,6.41,-2.071,1.028,-5.444,-1.2602,-3.12,1.2884
1.9007,0.3867,-0.7472,-5.427,2.721,5.823,-6.08,5.155,1.841,-1.435,-4.502,-5.289,11.051,-9.404,2.8193,1.2387,-0.5877
0.3462,1.2587,-1.1263,-10.025,4.846,2.43,3.463,5.978,5.377,-5.66,24.249,-8.685,-15.225,5.475,1.4794,2.7241,-1.0539
-0.3253,0.3056,0.5012,3.156,-9.069,-1.017,2.97,4.7,5.525,-5.153,-4.914,-14.63,-4.245,-11.797,-0.1688,-0.0924,0.3025
-0.5711,1.2812,-1.0932,-1.587,0.148,0.897,0.812,-1.581,8.651,8.822,3.816,0.002,-6.808,0.261,0.1624,2.7248,-1.6867
-0.0409,0.7319,0.1415,-2.857,4.907,14.457,-5.367,12.884,3.252,2.46,-3.427,-3.18,-11.43,4.7,0.5363,0.6334,0.1467
-1.708,-0.7876,-2.1711,-6.715,-6.639,-4.301,8.627,3.517,-4.977,3.405,-4.843,-9.14,-4.357,-18.86,-2.3287,3.0551,-4.4376
-0.6617,-1.272,0.4147,-4.33,5.879,14.268,12.073,10.664,2.022,4.988,1.392,13.087,7.343,0.151,-1.6353,-1.5991,-0.1447
-0.158,0.367,-1.178,-7.976,-2.217,-0.859,6.582,-14.821,3.763,-4.011,4.108,-5.774,6.616,-3.965,0.1345,1.9239,-1.4145
-0.5737,-0.0307,0.7601,-1.187,18.901,10.296,-2.809,0.145,7.826,13.318,-2.903,-11.045,-3.163,-25.156,-0.7567,-0.4795,0.3352
1.3235,1.1606,0.1142,5.713,-12.877,13.941,3.025,-3.696,-2.94,2.521,1.232,5.392,5.585,1.179,3.0446,0.9294,0.5529
-2.404,-0.2705,0.9716,-5.182,-3.43,15.211,9.325,7.914,4.196,-9.139,6.578,-4.919,-9.926,-10.23,-2.8916,-0.7822,-2.3451
0.2461,0.8661,-0.2678,8.045,3.228,3.503,-11.252,-3.796,-6.388,17.106,1.166,-3.767,10.735,8.751,1.0661,1.0865,-0.0565
-0.1023,-0.3056,0.0101,0.278,2.878,12.113,4.096,-2.275,2.33,-3.226,-12.187,3.077,-10.441,5.294,-0.3759,-0.2577,-0.049
0.5,1.4049,1.9174,5.766,0.003,9.705,-25.561,11.156,8.975,15.376,-2.117,7.4,18.573,1.587,1.8944,1.174,2.4154
1.0573,0.7317,-1.4151,2.143,-0.951,-5.955,-4.486,-0.099,2.405,6.23,3.364,16.698,-3.374,-3.134,2.1116,2.8886,-1.1449
-1.9012,0.32,-1.7937,0.282,4.303,-15.319,3.04,0.178,-8.781,7.717,-2.923,-1.927,3.614,4.52,-2.2036,3.2658,-4.4158
0.8649,0.2177,-0.4844,7.271,-12.753,-5.201,-5.765,5.06,-3.398,4.998,-5.047,-1.142,2.233,-6.542,1.2426,0.7197,-0.1386
-0.4444,0.7963,-0.1379,0.731,8.301,-0.948,4.268,-4.82,5.968,-1.909,3.867,-3.864,8.975,7.428,-0.0306,0.8683,-0.5046
1.6477,2.4267,1.0995,-0.473,-3.273,13.527,5.439,10.522,8.566,0.661,4.991,3.671,13.138,-1.673,5.1705,1.9093,1.5732
0.1039,0.1909,0.6963,-1.656,-11.452,-9.914,7.754,6.474,6.94,13.74,4.675,2.12,-8.958,1.557,0.3358,-0.1879,0.8356
2.042,1.2121,1.271,-21.312,7.884,10.084,-3.268,9.045,3.891,-12.622,7.978,11.524,-0.649,-1.084,4.1751,0.6404,1.5763
0.6806,-1.0367,-2.953,1.575,2.593,-7.484,3.948,13.46,-14.958,1.656,12.981,8.051,7.238,16.885,-0.2502,5.0987,-2.9415
-1.4177,-1.3624,-1.0183,6.781,0.282,5.148,4.666,7.424,-1.045,6.881,-13.132,15.134,4.326,-4.494,-2.185,-0.0578,-2.6758
0.1857,-0.8821,-0.6895,0.688,1.412,0.044,11.645,6.492,-0.159,-7.583,8.098,-7.342,-8.713,-2.677,-0.4722,-0.1068,-0.5847
0.2316,0.6371,0.6664,0.246,-13.651,2.013,-6.207,-4.429,-1.146,-11.35,-4.858,-7.749,-8.436,19.055,0.8496,0.3102,0.8565
0.4928,-0.9335,0.3627,2.042,-2.889,-10.284,3.439,8.616,0.103,0.242,-8.629,-1.446,-10.228,4.666,-0.2936,-1.2798,0.6569
-1.2032,-0.3389,-0.875,3.14,-2.846,1.791,-0.089,1.147,-7.895,-9.397,-3.077,0.337,10.613,-6.96,-1.6233,0.7859,-2.2559
0.0694,-1.015,-0.3855,7.148,-4.006,-10.401,-4.579,9.997,2.443,-1.906,16.458,-15.13,-4.559,-6.424,-0.7447,-0.5276,-0.403
0.6281,-0.1029,1.5778,-8.26,-5.575,-5.886,8.177,16.126,-14.008,-11.992,3.394,-3.186,-16.371,-1.257,0.6276,-0.5235,1.994
-0.3647,0.4154,0.4679,-1.197,0.062,6.032,-14.031,2.628,15.015,2.364,-4.354,6.766,0.167,-1.518,-0.1577,0.0408,0.2234
-0.0136,0.2023,-0.6357,5.809,-3.036,-11.735,-14.478,-0.441,1.096,-3.372,-4.727,-1.496,-12.508,6.624,0.188,0.9567,-0.6937
0.6612,1.1437,0.7801,10.589,-5.122,1.404,3.451,-2.997,-12.845,0.728,1.279,4.626,14.589,8.728,1.883,0.6133,1.205
1.7655,-0.0698,2.2892,-2.258,10.476,-2.777,-4.874,0.322,-6.624,-0.833,8.89,2.131,-9.044,1.002,1.9844,-0.0738,2.8748
-0.996,0.7879,-0.353,4.253,-1.142,-3.546,1.351,0.692,-13.043,0.653,3.759,-0.429,-5.975,14.604,-0.8037,1.1871,-1.3689
0.2018,-0.9978,-0.3359,3.971,-1.694,6.611,4.652,-6.908,-3.587,6.143,9.351,-3.484,9.242,6.944,-0.6675,-0.5889,-0.2885
1.6709,0.2462,0.2628,6.651,-3.642,1.328,0.374,18.491,10.592,7.962,9.269,11.016,-13.047,-2.678,2.3116,-0.0071,0.5953
0.7966,0.4454,0.2236,-8.59,-1.258,-1.175,-7.191,-0.1,8.723,15.836,-4.019,-17.958,-11.137,-1.396,1.3903,0.2296,0.5759
-1.1967,0.2898,-1.1266,-0.669,-2.946,-4.223,8.479,9.127,-5.271,-8.785,-14.296,-0.689,2.133,-3.134,-1.3568,1.83,-2.4918
-0.3507,-0.0043,-0.2733,-0.049,-3.946,-2.271,0.667,1.994,1.737,-2.828,-4.294,14.635,8.882,-5.652,-0.3866,0.2793,-0.5875
-0.4159,-0.54,1.3208,2.34,0.694,3.216,-7.906,-9.985,3.409,-1.39,2.207,-0.223,7.159,3.396,-0.9027,-1.0226,1.1258
-1.1077,0.069,-0.4917,1.502,-4.566,4.299,4.363,-11.588,-12.825,2.47,8.351,2.804,-22.561,0.106,-1.2887,0.5521,-1.659
0.4461,-0.1115,0.906,-3.747,6.938,1.928,2.995,15.916,-8.861,-3.116,1.93,5.042,-7.609,2.665,0.3568,-0.6146,1.2405
0.7827,0.5319,0.0058,-1.187,-2.878,-5.192,8.822,13.323,15.297,3.763,7.524,10.423,-4.54,2.91,1.4867,0.5626,0.377
0.7003,-0.7889,0.7799,1.006,-12.142,-3.396,3.371,-2.81,4.63,-4.594,-10.102,7.914,-3.871,9.397,0.0358,-1.2552,1.2924
1.1833,-1.319,-0.3201,7.941,-4.869,-25.158,5.654,-1.746,14.879,4.514,-5.753,1.743,3.864,18.717,-0.0892,-0.971,0.0695
-1.9555,0.3655,-1.8215,4.593,-1.852,9.716,-13.17,-1.699,-0.928,-3.572,-8.821,-2.478,-7.909,7.098,-2.2945,3.3792,-4.5211
-0.3023,-0.0601,1.8068,-6.51,5.282,-10.241,0.648,0.204,-5.671,0.541,-6.454,-10.76,2.431,-1.507,-0.47,-0.3684,1.7923
-0.0482,1.062,0.4593,4.456,-3.463,4.846,13.527,4.344,-3.735,-1.261,-6.46,3.492,0.613,-11.68,0.7364,0.748,0.4673
0.0732,1.2747,0.7892,-0.076,15.691,1.158,9.185,0.818,-1.244,-12.484,-1.309,8.832,-1.145,1.671,1.1325,0.8511,0.8974
-0.4798,-0.7375,-0.4446,0.925,-15.533,11.2,-0.745,13.253,-14.939,-17.066,-17.274,0.916,-0.864,3.14,-1.0844,-0.2411,-0.9056
-1.5498,2.7364,0.2424,-2.488,8.45,-7.475,-5.456,-2.162,-3.782,8.725,-5.659,18.87,7.732,-8.873,-0.8884,2.5279,-1.5123
-1.3593,-1.0189,-0.2578,7.174,-5.18,-16.565,12.13,-6.437,-9.701,3.677,0.892,-19.34,4.654,5.992,-1.9935,-0.755,-1.8398
0.853,-0.2368,0.8635,4.109,0.79,-2.668,4.962,7.405,10.063,-1.112,-0.443,-4.193,-4.196,-2.733,0.7987,-0.6871,1.3705
-0.5798,1.2585,0.8286,-5.506,6.288,6.808,-12.68,-2.854,-7.816,-1.832,-11.313,6.591,9.628,27.754,0.0787,0.8024,0.4347
-1.4869,0.5858,0.3749,1.329,-5.72,-9.907,-15.19,2.802,6.824,6.052,-3.374,-5.027,-0.504,-9.454,-1.6116,0.3328,-1.3088
3.0569,0.28,-0.2663,-0.165,3.255,1.946,-8.803,1.475,3.041,-10.668,0.379,-13.421,0.22,-10.392,4.1449,0.5826,-0.9631
0.2366,-0.0731,0.5305,-4.637,5.407,8.042,-17.822,-0.777,4.538,-4.774,-5.673,-0.274,-2.321,10.174,0.1947,-0.4537,0.7408
-0.387,-1.0049,-0.1395,-4.255,-1.607,1.344,-1.398,-3.905,2.02,1.244,5.339,-19.848,13.212,-4.914,-1.1711,-0.9235,-0.421
-0.1322,2.3091,0.1593,3.01,12.069,2.651,11.608,-7.172,-6.063,-1.383,-2.719,-8.549,5.091,-0.355,1.6624,2.2005,0.0901
0.4721,0.4331,0.0707,-2.94,7.087,-11.513,0.801,2.632,8.699,-8.101,-2.461,11.554,0.198,-1.582,1.048,0.3158,0.3172
-0.083,-0.5041,0.4177,-6.007,10.666,-7.397,9.378,4.777,-7.56,-8.718,6.507,-0.32,0.397,6.345,-0.4633,-0.7398,0.3385
0.3049,0.3655,-0.0966,2.447,9.189,11.243,4.763,1.132,2.411,-2.466,-6.297,-11.623,-14.854,8.037,0.6449,0.4144,0.1144
1.5952,-0.9284,-0.1049,-5.464,-9.135,2.97,-6.547,3.241,-12.122,6.335,-8.632,5.412,0.177,-19.549,0.7416,-0.7237,0.2437
-1.8206,-0.0039,0.5843,-4.468,-7.206,3.563,9.911,-1.908,2.359,0.968,2.777,-13.893,-3.194,-0.974,-2.1995,-0.3883,-1.6741
3.1598,0.5814,0.2566,-0.03,1.645,5.729,7.577,-1.531,-1.67,3.246,2.456,10.256,7.569,-6.875,4.8392,0.3296,-0.4955
1.11,-1.5763,-0.2807,1.054,6.191,3.758,4.439,7.044,2.356,-2.839,-10.82,-4.659,-0.033,6.052,-0.4467,-1.2864,0.1173
-2.501,1.0282,-1.7403,9.056,-7.301,0.573,-20.919,4.609,-0.923,-3.53,7.714,-7.187,4.681,15.4,-2.8973,3.747,-5.5721
-0.4014,-0.5882,-0.2811,-5.573,3.205,0.651,2.022,-11.71,5.251,8.797,3.161,-1.688,-2.686,-14.439,-0.8008,-0.3134,-0.6425
0.6097,-0.002,1.6904,2.591,-10.231,-8.143,-0.814,-3.164,-10.154,5.317,6.021,4.075,4.006,-2.836,0.794,-0.4139,2.2769
-0.6743,-0.2982,-1.0539,1.39,-1.214,-5.147,-3.382,1.823,-8.079,-1.016,-14.324,-7.64,-2.279,-6.413,-1.0037,0.9812,-1.7243
0.6046,0.3965,-2.0697,3.567,-7.511,3.729,13.935,-8.856,1.101,-11.131,5.105,-9.658,0.295,7.6,1.0909,4.0241,-1.9884
-0.3378,0.8574,-0.693,-7.041,-15.679,-7.929,0.348,-10.074,-8.059,6.017,-15.028,11.939,9.214,2.726,0.1727,1.6493,-0.9848
1.9552,-0.3141,0.6746,-1.691,6.228,-1.751,9.604,-6.057,-8.271,-16.346,8.073,3.903,-4.157,-5.745,1.9049,-0.6328,0.9591
0.6225,-0.4146,0.9671,-0.013,6.632,-7.709,-18.633,-2.756,1.462,2.746,-4.419,-14.058,-15.952,13.037,0.3256,-0.8873,1.3816
-0.1029,-0.4073,-0.328,6.529,-0.039,2.924,9.914,11.757,1.156,0.883,-18.892,1.754,-0.879,-1.517,-0.3792,-0.0426,-0.3859
1.0067,0.2956,-0.1277,2.214,-5.658,1.771,-1.676,-16.018,2.241,7.104,4.881,-17.687,0.343,5.085,1.5043,0.456,0.2272
-0.6997,1.2277,-1.5217,-2.898,18.664,13.12,-5.733,-4.879,-0.368,-5.562,-1.365,0.915,-5.208,-2.941,-0.1253,3.4799,-2.3309
-0.4732,-1.0914,0.0459,-6.214,-8.966,-2.302,-2.573,11.468,-2.299,5.598,5.141,2.957,-18.522,11.8,-1.1839,-1.1285,-0.3882
0.4384,-0.1355,1.6781,0.648,-0.873,12.644,-13.216,-8.872,-1.354,-5.992,8.817,-1.553,-0.757,-1.927,0.4076,-0.5493,2.0235
1.0095,-0.0204,0.03,-2.299,10.118,1.344,-11.268,-7.098,-3.452,11.219,3.246,-5.127,-11.92,-2.256,1.139,-0.0709,0.4301
-1.3462,-0.1165,0.2322,0.522,2.436,-11.893,-3.796,5.227,-15.643,-11.495,1.374,1.354,-11.923,-4.984,-1.6715,-0.3245,-1.2284
-0.7789,-0.1906,0.9583,2.524,15.204,1.16,2.641,4.281,11.647,-1.967,1.122,8.8,2.132,1.24,-0.9785,-0.6561,0.2638
-0.4239,1.7635,-0.3415,-4.107,6.665,7.314,-9.398,-8.182,4.203,1.869,-15.06,7.979,-3.629,3.871,0.7145,2.1643,-0.7304
-1.1552,-0.5981,-0.272,5.07,9.963,1.955,-2.419,-2.439,-2.154,10.181,8.843,2.056,-4.382,-4.98,-1.6899,-0.366,-1.5277
-0.2026,0.5787,0.0734,-1.23,-5.107,-0.72,-4.913,-5.339,-9.326,-17.034,0.743,-14.002,8.768,-5.221,0.1994,0.4791,-0.031
-1.307,-0.5025,-0.0006,9.991,10.511,-16.487,-4.847,8.429,-8.697,-4.78,-1.308,-0.035,19.065,7.712,-1.7103,-0.5464,-1.4647
0.01,-1.2632,0.3499,5.571,1.854,-10.991,-6.963,5.247,7.201,-0.489,-4.521,-12.99,-2.965,-2.114,-1.1153,-1.4806,0.3709
-0.283,-0.5,-2.7868,-0.614,3.007,10.107,13.169,7.021,1.636,0.051,-0.804,8.316,-5.384,3.222,-0.7855,5.0928,-3.2939
-0.1831,-0.2188,0.5651,4.836,-0.153,-4.406,0.064,-4.618,6.736,0.125,14.678,7.626,1.719,-14.257,-0.3109,-0.5736,0.4487
1.2284,0.2183,-2.1996,3.516,5.449,-4.579,11.496,5.491,7.1,-16.591,14.737,-6.759,-1.384,-7.482,1.6966,4.149,-2.0295
-0.1698,0.3575,0.955,-4.801,-6.719,4.204,-3.483,-4.734,-1.04,-10.509,-8.17,14.735,3.412,-6.47,0.0427,-0.1184,0.9426
0.5501,1.3118,-0.6104,2.348,3.454,-2.067,-18.405,4.027,9.335,-4.675,-3.371,12.025,-1.989,9.628,1.8914,1.9775,-0.3687
-0.2045,-1.0932,-0.844,1.587,-0.062,12.532,-1.938,-3.672,-7.258,-17.303,-1.455,7.85,-3.629,0.534,-1.035,-0.1005,-1.0693
-0.3971,0.5601,-2.2407,-6.762,10.784,4.212,-9.215,-18.905,-3.488,-1.356,10.387,-4.244,6.362,9.103,-0.0494,4.5777,-2.7275
1.0115,-1.9611,0.5646,-5.087,-3.191,2.04,3.777,-3.007,6.07,-12.734,6.939,4.662,2.861,-10.868,-0.9624,-2.3421,1.063
0.78,1.896,-1.238,0.006,-10.719,5.743,-5.737,16.168,-4.139,-17.748,3.841,-5.332,-13.675,-3.748,2.9433,3.5954,-1.0201
-1.2335,-0.4054,1.6435,5.989,2.551,-17.945,9.451,-18.784,3.119,4.838,16.256,8.451,-1.338,9.974,-1.6682,-0.7955,0.4831
-0.2014,0.6413,-0.345,4.942,2.25,-11.58,8.785,-6.465,5.428,-8.736,-1.308,1.922,2.313,1.973,0.191,1.0614,-0.5499
-1.237,-1.5064,-0.3605,2.083,-0.457,-6.17,5.542,4.333,-14.862,-5.048,1.893,-6.972,-11.731,-11.512,-2.1698,-1.0462,-1.7219
0.3714,1.3337,0.4035,5.933,16.351,-3.094,-6.448,-0.504,-2.932,4.456,-10.778,-13.273,-3.355,9.292,1.7285,1.041,0.6461
-1.54,0.3963,0.1705,2.354,-10.533,2.496,11.387,9.222,0.159,-0.392,-1.628,-6.838,-9.471,4.74,-1.7613,0.2407,-1.6295
-0.7941,-1.7413,1.3375,11.556,0.232,-0.284,-7.236,8.708,-1.196,0.914,10.678,0.555,3.704,-8.188,-1.9151,-2.2229,0.7497
0.8794,0.4947,-0.3856,-5.576,6.539,12.445,-0.504,-4.878,0.003,-2.567,7.272,-3.84,4.943,-4.203,1.5405,0.9062,-0.0472
-1.6404,0.3165,0.306,-1.646,12.34,-6.175,15.125,-15.117,6.5,-10.049,-8.431,11.578,11.841,-10.18,-1.8672,0.1307,-1.6872
0.9138,2.0792,-0.5422,-0.409,-2.88,3.582,10.805,13.517,-1.623,-2.362,1.336,-11.537,-3.795,9.397,3.3267,2.6861,-0.1749
-0.3595,0.0919,-0.5307,9.747,7.893,3.093,11.074,4.568,-11.321,0.596,11.068,4.711,15.402,6.228,-0.3027,0.7014,-0.7723
-1.535,1.556,-0.1653,7.773,-5.534,6.102,7.435,-11.511,6.341,3.694,-2.243,3.486,-8.686,0.56,-1.3148,1.6673,-1.9539
-0.5102,0.4709,0.6071,-1.078,-3.412,11.716,-3.524,-1.463,8.65,-4.068,-5.758,-10.085,2.772,-4.594,-0.2628,0.1088,0.222
-2.5475,-0.4015,-1.5247,-3.992,4.828,2.457,-6.478,-0.634,-8.94,-7.452,0.805,1.354,1.073,4.452,-3.0451,1.8869,-5.3549
0.2267,-0.0567,0.372,-1.494,-6.855,2.514,11.508,-1.244,-0.902,4.58,7.792,9.936,2.176,-9.283,0.2378,-0.3395,0.5617
0.2797,0.4806,0.147,4.142,-3.198,2.027,10.362,-16.819,4.456,-5.317,-0.948,-11.294,-5.611,-8.087,0.6836,0.3337,0.3569
-0.0265,1.0036,0.1876,0.163,5.809,2.554,15.88,23.173,-4.424,5.361,-16.127,0.509,-7.239,16.424,0.7389,0.896,0.1724
0.0442,-0.1706,0.7116,7.889,8.119,-4.827,2.519,-6.276,-3.646,2.767,5.988,-10.109,-6.835,0.653,-0.1365,-0.6288,0.8346
-0.7032,-0.4824,-1.1283,3.027,10.214,0.137,17.498,8.419,-9.831,-4.943,-1.829,3.738,0.709,-8.102,-1.094,0.9953,-1.936
-1.1123,-0.7376,0.6372,-4.181,-5.155,-12.575,-8.01,-13.598,1.644,-4.746,4.796,2.038,-4.25,-4.395,-1.679,-1.1712,-0.4689
-1.8989,-0.479,-0.5777,0.659,-1.892,-8.386,-7.712,10.35,-7.85,-21.501,-1.354,-1.52,8.158,0.748,-2.3912,0.1873,-3.0773
-1.3064,0.2028,-1.2094,6.797,-11.283,5.958,15.413,12.404,16.073,0.515,-1.54,3.711,3.85,-15.148,-1.4543,1.8928,-2.7002
1.5724,0.3869,0.3501,0.547,-0.325,8.96,-2.055,-6.709,-4.136,-9.739,2.045,8.492,6.197,2.621,2.3322,0.1224,0.6951
-0.4205,-1.2564,-0.3605,-3.129,-4.352,4.426,-3.053,23.567,-14.021,-15.868,0.144,-0.889,-7.308,4.894,-1.3066,-0.9355,-0.6703
2.3647,-1.3925,0.8363,4.201,9.34,8.387,5.822,-6.486,2.814,-12.602,7.059,6.158,-7.947,-6.138,0.7577,-1.8347,0.8829
0.1173,-2.6054,-1.1111,6.075,-0.962,14.361,5.454,7.16,-4.018,1.196,-7.046,-13.612,-6.02,0.713,-2.0311,-1.1197,-1.0463
0.8758,-1.0587,1.1005,5.987,2.676,4.264,4.182,20.771,10.095,-13.695,3.001,7.181,1.902,-7.995,-0.0021,-1.5552,1.6447
-0.4186,0.3211,1.3524,-4.813,6.719,6.753,-5.74,13.534,-7.914,4.209,-5.517,-12.009,14.03,-4.514,-0.2815,-0.1358,1.1575
-0.3232,-2.083,0.4383,-3.071,-7.949,7.78,2.175,3.391,4.164,-14.051,1.716,-0.987,5.051,2.729,-1.855,-2.4235,0.2367
-0.25,-0.647,0.0235,11.977,-7.948,-1.199,1.049,1.728,-5.763,7.804,-9.205,9.999,6.068,3.76,-0.7875,-0.6066,-0.1715
-0.369,1.7032,-0.7533,1.138,2.563,2.077,-8.215,8.576,-9.299,-4.257,2.246,1.347,15.476,13.268,0.7436,2.6176,-1.0882
-0.352,0.1706,-1.3674,-1.108,6.982,4.319,1.984,-7.186,-12.183,3.149,4.217,-0.827,6.312,15.924,-0.3292,2.1726,-1.7977
0.3978,-0.1901,0.7361,0.093,-6.199,-1.419,-2.474,-10.958,1.783,-16.972,10.34,1.561,1.384,11.342,0.2958,-0.6789,0.9404
0.5022,-0.2879,1.1325,-1.499,1.258,-0.924,8.334,13.614,-0.982,-5.156,-17.353,-5.237,-7.885,8.132,0.4086,-0.7669,1.5088
-0.1963,-0.3402,-1.042,-1.607,-8.086,-7.607,-10.027,0.944,2.972,7.185,-11.435,-2.552,4.193,-12.839,-0.4602,1.0795,-1.3015
-1.4465,-0.1653,-0.311,4.827,-11.899,10.69,5.296,10.33,-11.727,-5.7,8.853,3.214,3.681,5.862,-1.7694,0.0883,-2.0486
0.9508,1.6355,-0.0825,0.628,-2.92,1.839,-4.969,7.873,1.726,2.846,0.799,5.076,13.487,-9.738,2.9394,1.7102,0.3296
0.7304,0.2558,2.3465,-9.447,14.291,3.29,-19.812,-0.819,1.266,3.662,-9.457,5.469,-1.293,1.58,1.1438,0.3718,2.968
-1.3967,0.3966,-0.5212,-2.559,3.161,7.781,-7.637,-12.876,-0.826,11.051,8.898,-11.512,10.829,-5.675,-1.5247,0.9835,-2.1769
-1.5568,0.977,-0.7208,1.105,9.696,-7.755,7.305,3.718,4.287,5.54,2.823,3.703,6.999,-0.652,-1.543,1.8063,-2.6018
0.8003,0.2776,-0.9095,-1.088,-8.774,-8.644,-15.183,-4.711,-5.711,-7.263,6.78,6.919,-11.144,-5.643,1.2875,1.4505,-0.6588
0.4415,0.442,-0.3666,3.822,-3.215,-0.933,-4.875,-0.808,2.531,8.944,-1.967,-8.607,17.802,1.448,0.9789,0.7821,-0.1395
0.7708,0.9436,0.7773,-4.142,7.523,-12.189,1.12,-5.882,-3.599,-16.329,4.602,3.29,-6.027,-0.557,1.8444,0.4424,1.2465
-0.4733,-0.2881,1.1926,9.548,6.471,4.085,-3.29,-9.326,-4.882,0.598,7.868,-17.901,-3.697,-1.983,-0.7859,-0.7303,0.9234
1.4336,-0.1834,0.3448,-7.1,-12.463,-5.94,4.961,5.489,9.654,2.696,-5.645,0.728,-6.08,-0.354,1.461,-0.5281,0.7476
-0.2363,-1.1616,0.0063,1.819,4.126,6.557,-1.904,-7.207,3.704,9.456,-7.935,-4.278,-4.544,-7.578,-1.1355,-1.1464,-0.1791
1.7464,0.3698,0.3406,-4.787,-0.619,4.324,-2.59,2.137,-13.431,-0.839,-8.878,10.21,-10.12,0.529,2.5913,0.0946,0.5936
0.4344,0.58,-0.4135,-3.086,-7.393,-2.834,-0.62,-14.915,3.202,-4.362,2.574,6.639,-0.886,8.08,0.9739,1.0158,-0.2662
0.6258,-3.2469,0.2866,4.613,0.984,-20.225,-5.098,6.041,-13.929,4.75,7.184,3.483,6.948,-2.466,-2.4556,-3.5856,0.6241
1.9445,-1.1637,-0.9838,-1.849,-12.73,-12.617,-7.584,-9.058,-0.574,-6.244,7.148,-1.195,2.544,2.559,0.7226,0.1426,-0.8113
-1.0114,-0.976,-2.2302,-2.232,-2.935,-2.246,1.154,10.493,2.958,14.811,-12.477,21.85,1.979,-0.289,-1.6844,3.0118,-3.4673
0.7322,0.7517,0.3918,1.705,3.672,11.088,7.036,10.122,-10.616,-3.775,-8.55,-6.136,12.088,4.134,1.6205,0.4172,0.7928
0.2382,-0.5465,0.0565,-0.062,16.276,-8.895,5.922,-1.036,1.799,-1.498,7.699,-14.565,20.556,4.663,-0.1079,-0.603,0.3031
-0.593,-0.7209,1.8214,0.699,-0.598,-6.119,8.291,9.071,2.167,-7.406,-0.312,0.539,-2.735,17.108,-1.2111,-1.0049,1.5259
-0.4829,-0.0953,0.981,4.525,-2.018,3.306,-0.948,4.711,2.419,-2.232,-2.719,-6.299,-0.873,-3.387,-0.5942,-0.6085,0.6659
0.5424,-0.6238,-1.3809,2.102,-1.148,0.082,23.31,10.374,-2.401,0.979,-19.033,-2.956,4.038,-1.751,0.0316,1.4089,-1.2381
-0.7234,-0.0672,0.258,-2.387,-13.535,-3.098,-9.989,-0.654,-2.396,-10.859,-6.22,2.294,7.478,-14.914,-0.8822,-0.1309,-0.4347
-0.7331,0.3891,0.4841,-0.369,-7.648,1.431,-3.117,-0.676,4.858,0.112,7.374,1.48,-3.941,1.412,-0.6186,0.074,-0.2502
-1.6148,-1.7631,-1.0981,3.913,1.179,-3.418,-3.621,-4.62,9.43,17.253,3.726,-9.123,9.994,0.537,-2.4393,-0.3015,-3.1404
-0.6494,-1.1118,-0.7354,-3.134,-11.285,-0.305,-6.317,-4.156,-7.75,3.304,12.012,-0.071,-5.382,1.241,-1.442,-0.1944,-1.3721
-1.5832,-0.6291,-2.332,0.685,-2.835,-1.282,-7.206,-1.685,7.994,-2.888,-15.28,1.629,-4.438,2.536,-2.1839,3.6622,-4.4002
-1.4214,-0.7518,-0.3074,0.261,9.711,16.836,-2.21,10.613,4.729,3.368,-3.991,-9.171,8.545,12.646,-1.9805,-0.4671,-1.8819
0.3348,0.2789,0.3121,2.777,2.435,-18.878,7.623,-6.983,-12.194,-10.533,-6.511,7.06,5.548,6.378,0.6171,0.0755,0.5904
-1.3216,-0.7823,-1.1039,0.346,10.619,-6.549,2.796,3.089,-5.147,14.954,-15.764,2.721,-14.599,-1.151,-1.9141,0.6678,-2.6295
1.0043,0.7533,-2.0175,-2.662,-2.393,4.618,-20.981,-10.159,-12.466,0.134,-3.269,9.19,4.856,-0.836,2.0807,4.316,-1.8359
1.6772,0.5301,-0.2016,14.003,-0.647,-21.28,6.082,-4.624,-6.173,4.03,-0.634,8.642,6.537,-2.536,2.7834,0.7284,0.091
-1.8422,-0.4977,0.0366,-2.214,10.46,-9.975,-2.972,2.515,6.641,5.197,-2.791,3.571,-3.111,4.673,-2.2639,-0.5418,-2.3144
-0.2848,-0.1979,-0.847,1.76,-7.812,-4.692,8.659,-11.874,-9.53,4.898,1.836,-19.478,1.918,-9.393,-0.4275,0.8491,-1.1147
0.5823,-1.0831,0.4009,-5.727,2.182,-2.271,1.789,0.333,1.335,-9.148,-5.198,2.445,-7.286,-10.39,-0.4098,-1.3254,0.7625
0.4013,-0.2784,0.7869,5.577,8.85,0.173,-23.966,-5.512,-2.771,6.793,-2.638,2.84,-3.187,3.55,0.1587,-0.6981,1.0793
-0.9975,-0.8915,0.1569,-7.271,-5.367,-12.64,14.752,-17.661,9.238,-18.099,-1.918,-3.012,7.021,1.509,-1.5974,-1.0466,-0.8006
1.3475,0.2983,-1.1816,0.951,6.406,-0.793,-0.686,-1.905,9.664,-2.714,-8.58,8.294,-1.197,2.851,1.952,1.9775,-0.8679
-0.0113,0.5854,0.0437,5.211,-4.882,2.529,9.389,-0.062,-6.67,12.562,13.366,-6.962,-7.738,11.28,0.4692,0.5542,0.0272
-1.169,0.6359,-0.0175,-1.344,-5.372,-6.037,-11.026,-3.619,-1.741,5.284,-29.311,10.252,0.959,3.489,-1.1889,0.6991,-1.2515
0.7248,0.673,-1.4848,-1.463,-3.327,-2.158,-18.439,-5.536,1.228,5.243,4.088,-3.862,2.293,-13.448,1.5332,2.8188,-1.2896
0.6242,-0.751,1.4763,-5.416,-2.4,2.983,-5.108,1.68,8.362,-1.464,4.561,-5.727,-12.897,-9.381,-0.0867,-1.1891,1.9964
-0.6289,0.0073,1.3255,-2.944,-7.535,-2.619,-8.129,-17.609,-4.091,3.964,-2.951,15.645,-1.661,10.459,-0.7234,-0.4852,0.8776
0.9227,0.6117,-0.2574,-2.169,-2.422,-2.196,5.324,5.546,4.752,-4.187,0.409,-10.802,7.753,-0.767,1.7807,0.852,0.0229
-0.4879,-1.1515,-0.3978,4.286,7.744,-5.125,-16.457,-1.581,-7.031,2.727,-1.328,-2.044,6.852,0.277,-1.3678,-0.7139,-0.8443
-0.0482,1.9729,-0.0693,-4.624,7.246,6.262,-20.545,3.798,10.874,3.705,7.377,6.408,-11.093,-4.556,1.5163,2.1394,-0.0663
-0.5954,-0.4132,-0.865,0.964,10.508,7.629,4.468,-5.242,5.608,-8.076,6.162,-15.195,3.054,8.322,-0.9725,0.6658,-1.4817
-1.2107,-0.3692,-0.4291,3.818,17.2,-0.535,-11.564,-1.701,1.227,18.097,2.108,0.127,-8.91,-16.678,-1.5787,0.0863,-1.7465
0.5863,-1.1304,-0.4677,0.023,-3.323,-7.918,13.31,4.868,18.542,5.147,14.625,2.663,-10.744,-3.908,-0.3662,-0.6519,-0.2588
1.105,-0.5838,0.244,8.92,7.228,-3.224,4.17,-0.359,-2.8,9.24,-4.101,-0.464,-4.836,-10.819,0.6727,-0.7235,0.6702
-0.5426,-0.9094,1.1973,-2.406,13.889,7.484,11.104,6.828,-3.511,13.185,-1.064,-6.01,9.253,4.231,-1.2471,-1.3884,0.7779
1.3139,-0.3689,-0.1169,-1.151,6.47,0.636,-3.565,-21.297,-0.816,-3.145,-15.941,6.402,-8.071,-2.307,1.121,-0.2311,0.2071
-0.305,-1.2645,-0.807,-5.651,8.214,8.333,-5.765,7.632,-5.718,0.67,-9.433,10.566,-7.386,3.265,-1.2575,-0.2743,-1.1202
1.0119,0.3967,-0.5079,-1.244,11.814,1.075,-1.33,4.873,21.621,-8.235,-5.911,-8.942,7.95,-4.747,1.6904,0.9318,-0.1873
-0.1945,-0.0583,-0.4854,9.302,10.62,7.45,3.308,11.791,-2.231,11.285,4.381,1.151,-0.205,2.287,-0.2805,0.4767,-0.6471
-0.2293,1.133,-0.1243,-0.655,-6.784,11.2,5.103,-6.572,7.357,-1.093,-13.304,-4.562,11.504,-15.604,0.6295,1.2518,-0.3339
-1.0544,-1.9927,-0.8222,-7.194,-14.27,-0.16,14.927,-0.895,-6.739,11.237,5.741,13.739,2.035,-2.307,-2.2398,-0.9544,-2.0089
-0.481,-0.8279,1.7132,6.925,-9.737,-2.475,19.27,13.191,6.658,1.102,-5.173,-9.105,6.666,0.543,-1.1008,-1.1782,1.5001
-0.7275,0.0574,2.4789,-8.516,-7.801,7.511,-6.745,-4.457,4.756,0.436,-7.663,-14.291,-4.656,-9.032,-0.8935,0.2656,2.0693
0.3673,-1.0188,0.1343,1.21,17.593,-10.413,0.692,1.637,-9.962,16.342,-15.92,14.395,-6.651,4.851,-0.5027,-1.151,0.3329
0.0827,-0.5486,-0.4401,-0.269,-4.106,11.346,10.494,2.184,-11.615,-0.312,-7.616,6.323,-2.957,-4.815,-0.3582,-0.158,-0.4037
-0.6015,1.7802,-0.0892,-3.066,-2.798,7.274,-7.851,-7.644,2.696,0.472,1.521,11.794,-5.777,10.076,0.3723,1.8753,-0.6663
-0.3059,0.1977,-0.9853,1.134,-6.908,5.512,2.4,-5.943,12.114,11.069,-6.956,1.135,-7.26,-1.587,-0.1788,1.3784,-1.3053
-2.5748,-0.1483,-0.6436,1.377,-3.842,12.376,-18.986,0.232,14.083,1.771,0.452,0.969,6.463,2.459,-3.1206,0.6049,-4.4801
-1.075,0.4748,0.4559,-3.341,14.546,-4.833,0.612,-3.956,-5.163,2.153,14.271,-1.645,-13.294,-9.775,-1.0762,0.1546,-0.5752
0.1879,-0.2137,-0.0223,7.269,-13.891,-5.443,-13.725,-9.755,1.208,7.719,1.583,8.496,-1.559,17.082,0.0049,-0.2296,0.0974
-0.8868,0.0055,0.0315,3.46,-1.238,12.574,15.432,-0.279,-0.992,4.9,5.175,-0.925,5.053,-4.578,-1.0422,-0.0255,-0.8139
-0.503,-0.4588,-0.2567,-1.795,7.105,4.325,-2.282,-4.019,-4.281,-4.85,1.574,2.141,-3.83,8.479,-0.9376,-0.2268,-0.6864
1.008,-0.2701,-0.5401,-2.57,4.319,-8.74,2.108,2.885,-11.307,15.455,1.188,0.636,1.365,-7.512,0.936,0.3143,-0.1384
0.1344,-0.4129,-0.0329,-0.498,4.599,13.383,-15.824,1.427,5.618,-0.413,18.631,0.81,-15.762,7.98,-0.2119,-0.3789,0.0537
-1.7204,-1.1903,-0.2178,0.885,7.222,-16.06,11.863,-0.834,9.882,-16.147,-0.56,-4.905,1.405,-1.522,-2.4335,-0.9947,-2.3339
0.8358,0.3298,-1.301,-2.199,9.039,13.298,2.475,-2.39,-3.094,0.355,3.584,14.991,3.777,0.853,1.3361,2.1637,-1.1005
1.657,1.7519,1.4573,-6.993,15.657,-9.757,-10.835,-6.854,-5.946,-2.578,4.37,7.976,3.128,4.813,4.2733,1.325,1.9604
0.2257,-1.7672,-0.1694,-12.004,19.552,9.327,12.48,-5.486,5.549,1.418,12.448,9.423,-0.819,-8.351,-1.2809,-1.6231,0.012
-1.5903,0.5208,0.84,1.76,7.414,-2.306,-0.772,-10.718,4.785,3.242,11.94,4.062,-7.388,-4.878,-1.8025,-0.0291,-1.0042
-1.0382,1.276,0.6469,4.466,12.956,4.164,4.637,-1.033,-3.204,-5.502,-8.677,-7.017,14.536,4.201,-0.5744,0.825,-0.4085
-0.6922,0.0737,-0.231,0.33,-1.066,2.563,-6.831,7.98,5.72,0.753,6.242,-4.58,-4.194,33.171,-0.8066,0.3009,-0.8563
1.1269,0.1945,0.3987,-3.563,10.748,-0.8,-6.835,3.959,6.69,7.401,-6.16,-5.689,-3.093,-8.436,1.6128,-0.178,0.8005
-0.2623,0.0601,-0.7239,0.762,1.437,-7.955,-8.101,-4.991,-2.147,-7.879,-1.447,-3.959,6.29,-8.253,-0.2634,0.9559,-0.9704
-1.0436,-0.6721,-1.5091,2.326,4.397,1.602,-0.262,-8.088,-6.775,2.442,2.583,0.528,1.502,-2.324,-1.5501,1.6841,-2.7
-1.1694,-2.4212,-0.2581,2.503,5.591,-5.333,2.944,-6.021,14.634,17.673,21.45,-3.634,8.121,-3.148,-2.4308,-2.1239,-1.5007
-2.4473,-0.183,1.028,1.477,-16.287,-14.339,-10.197,-6.521,-4.894,-3.886,-7.274,-16.658,0.213,-5.331,-2.9398,-0.7168,-2.382
0.1977,0.6914,1.6264,3.386,8.908,-7.638,-3.208,-5.584,-0.21,-10.047,-5.658,1.997,-6.601,-10.285,0.8303,0.2615,1.9023
0.2015,-2.0326,0.5286,1.37,-6.312,-13.064,12.396,0.667,-19.088,-9.972,0.593,-2.144,-5.259,20.043,-1.4591,-2.401,0.701
-0.3034,-1.1399,1.2094,-6.767,8.349,12.213,7.613,6.899,-1.273,6.12,0.962,-7.117,4.22,7.912,-1.1711,-1.7298,1.0396
1.1519,-0.0411,0.9291,-3.171,0.023,-9.723,-6.436,-7.935,-16.2,-5.372,11.625,-16.002,21.35,4.878,1.2908,-0.4799,1.4674
-0.324,1.4501,-0.4346,2.617,-16.697,-1.995,-3.532,-4.335,-9.788,5.372,-0.98,-4.882,17.194,1.268,0.6481,1.9478,-0.7903
-0.4264,0.539,-0.1008,11.156,0.588,2.562,-13.064,-5.641,-1.19,11.608,-2.225,13.46,-17.804,3.744,-0.1416,0.5985,-0.4336
1.1418,-1.9226,-2.4646,1.901,2.847,23.239,-2.887,-1.726,-0.116,5.494,14.372,-17.098,-5.48,0.751,-0.7177,2.6723,-2.3143
-1.2023,2.3199,0.9088,7.259,-12.464,20.882,-5.039,-2.769,-0.472,-2.148,9.097,-3.651,1.688,-1.222,-0.4479,1.8655,-0.2911
0.2721,0.2533,-0.4531,-2.55,-10.264,1.132,-12.525,0.801,2.368,-4.694,7.981,-11.448,-0.792,3.797,0.6194,0.7189,-0.3656
0.4446,-0.8316,-0.3092,1.398,2.258,5.269,10.417,1.766,-8.195,-11.234,-2.568,-15.528,-10.371,0.062,-0.2526,-0.5184,-0.0705
-1.1245,-1.3046,-0.4218,0.45,-2.928,1.974,1.914,8.697,0.745,16.228,9.947,-4.064,0.756,12.403,-1.8996,-0.8941,-1.5606
1.2702,0.2084,-0.7397,0.069,1.86,6.548,-10.069,2.49,-0.798,-4.249,-0.163,1.79,-7.738,-9.87,1.7692,1.0435,-0.4709
0.7311,-2.3821,-1.1355,3.092,2.741,13.554,8.246,-1.962,10.096,-0.49,2.6,12.55,-2.413,9.531,-1.5242,-0.8668,-0.8814
-0.1876,-1.0698,0.5034,5.147,0.104,-20.36,7.789,-15.775,11.258,1.381,-11.927,10.637,0.996,-3.896,-1.0056,-1.4794,0.4278
0.5219,0.1312,0.4034,12.561,4.948,5.728,8.112,8.192,4.758,2.352,-5.258,-7.627,13.147,2.895,0.7286,-0.1532,0.7084
-0.815,0.1297,0.3224,0.814,-0.139,1.902,-15.477,13.184,14.082,-4.142,-4.645,6.858,2.302,-8.012,-0.8403,-0.1298,-0.3741
-1.3336,0.7848,-1.3231,-0.961,-6.355,8.247,15.874,9.657,3.045,-2.744,-2.555,6.854,-1.114,7.18,-1.3094,2.7277,-2.9577
0.453,0.0604,0.0381,-8.289,-5.484,5.752,1.904,10.058,-13.552,-8.317,-8.864,8.578,-5.313,-11.145,0.576,-0.0177,0.3524
0.8074,0.223,-1.0866,-9.42,-14.917,0.612,-5.48,0.933,-9.891,-6.947,-4.459,2.177,-3.723,-18.338,1.2117,1.6546,-0.8412
0.0593,-0.179,-1.473,3.319,11.586,-1.973,4.347,9.189,2.355,2.585,0.726,6.227,8.128,-21.222,-0.0626,1.9243,-1.6277
1.0502,0.7708,0.1381,-7.382,-14.943,-6.992,5.47,-8.872,4.782,8.826,-1.773,3.974,-6.339,24.59,2.0754,0.7002,0.548
-0.4491,0.0472,1.2996,-3.386,5.223,4.064,-3.87,2.237,12.277,-0.266,2.803,-2.495,-6.642,-1.931,-0.5033,-0.4087,1.0628
1.901,-0.8406,-0.082,6.545,0.929,5.48,-1.253,8.259,-4.139,-7.38,-11.838,-20.744,-7.495,-0.097,1.1432,-0.8057,0.1174
0.2101,0.3043,-0.8691,-2.385,-9.384,-3.425,-2.767,6.537,-10.01,12.069,-9.113,-1.19,-0.441,-5.929,0.5279,1.3827,-0.8027
-0.8344,-1.5631,-1.0111,1.862,-1.692,-5.294,-1.582,-8.579,-11.294,-1.549,7.372,-1.851,9.529,-6.174,-1.8414,-0.274,-1.8841
1.0869,-1.1174,0.4988,-4.07,7.191,0.436,4.711,-7.889,6.186,9.112,-5.074,2.42,-8.883,1.855,-0.0052,-1.4392,0.9829
-0.1403,0.1125,0.4927,7.756,4.011,2.936,8.126,2.911,-16.484,0.099,7.622,32.229,-4.734,-12.759,-0.1236,-0.2452,0.3779
1.4522,-1.1539,-0.0285,13.44,-8.217,16.584,-5.369,0.825,10.929,-1.011,3.855,-4.537,-12.934,2.173,0.3832,-1.1776,0.3678
-0.1709,-0.9965,-1.6764,9.674,-16.77,2.108,-7.594,4.761,-11.295,8.806,8.639,-0.48,4.698,5.52,-0.9632,1.619,-1.9331
1.518,0.4842,0.8601,-0.292,-8.096,-12.708,1.385,3.674,2.83,-4.623,-3.378,-11.843,5.307,1.4,2.4258,0.034,1.3538
1.9006,0.1019,1.119,-1.003,-0.31,10.599,-8.287,2.752,3.759,-5.731,15.007,-8.777,2.346,-7.677,2.4253,-0.4397,1.5578
0.2349,0.331,-1.3789,-0.855,6.023,15.013,-2.972,-8.547,-11.18,-11.645,-11.403,10.686,6.847,6.623,0.6003,2.3282,-1.3313
-0.2917,-0.3826,1.1772,-3.834,2.686,12.347,-7.194,-3.855,1.219,-3.762,8.332,5.227,-11.015,-10.707,-0.6247,-0.8869,1.048
0.1853,0.3074,-0.4718,-6.425,0.078,1.337,3.922,19.449,18.103,7.985,-3.657,-12.381,10.932,10.999,0.4746,0.8239,-0.4428
0.0111,0.6408,-0.0245,-8.026,-1.892,6.682,-10.413,6,10.195,-2.3,16.147,-0.201,-6.188,-17.428,0.4988,0.7017,0.0138
-0.4897,-0.6634,-0.8348,-2.416,9.048,11.069,6.368,-1.025,5.043,-5.806,10.343,-6.05,0.071,-15.337,-1.0809,0.3431,-1.344
-2.0287,0.5285,1.3456,-5.099,-12.912,-3.447,12.277,-2.736,6.963,1.771,1.076,5.116,-9.368,-2.737,-2.3826,0.0294,-1.179
-1.5947,-0.0796,1.5965,3.576,-7.016,-9.293,1.959,-13.803,-6.861,4.445,-11.161,0.095,6.062,2.149,-1.9437,-0.4666,-0.1231
-0.245,-0.1904,-0.5018,-6.744,-3.942,1.812,2.044,1.245,-7.26,5.878,-1.013,12.899,4.501,-0.843,-0.4426,0.3194,-0.7075
-0.9013,-2.4313,-0.3426,6.061,-3.613,6.179,10.844,-18.012,2.378,11.355,-6.788,9.933,-3.821,-4.362,-2.3846,-2.0565,-1.261
0.0512,1.262,-0.2833,6.085,9.907,5.202,5.369,-9.759,16.251,17.824,3.041,0.683,-1.153,-11.173,1.1087,1.4974,-0.3248
0.3844,0.1082,-0.6974,10.25,0.726,-6.18,0.619,3.367,1.627,8.158,9.077,-1.067,1.19,17.453,0.448,0.911,-0.6353
-0.6567,0.8105,-0.886,-0.979,10.946,-2.493,1.791,16.811,6.251,13.267,-6.561,1.619,9.11,-2.249,-0.2703,1.9573,-1.5491
-0.6325,-0.2045,2.3433,-3.887,6.011,-1.177,6.54,-14.861,15.294,0.047,-0.487,-7.425,0.814,0.779,-0.9322,-0.0601,1.9855
-0.7088,-0.4419,-0.86,0.209,7.716,17.573,0.807,4.027,0.287,4.246,9.538,-12.707,-1.855,3.109,-1.0908,0.6723,-1.5601
-0.8255,-2.0772,0.3487,-0.329,-10.168,-0.382,1.315,-3.935,17.866,2.555,2.951,-13.348,1.941,-10.746,-2.1455,-2.3343,-0.4385
-1.4506,-1.5882,2.0569,-0.936,1.188,2.244,0.12,-10.822,-7.705,5.697,7.458,-10.18,5.395,-6.003,-2.2886,-1.7263,0.61
1.7398,-0.1482,-0.1748,1.679,-3.427,2.521,12.184,2.381,-0.353,-12.568,1.354,1.817,4.632,11.199,1.9078,0.0129,0.0783
-0.7099,-0.9689,-1.9885,-4.701,2.088,-8.324,-6.16,-4.623,18.843,-0.275,11.1,-6.895,-0.365,-2.181,-1.4324,2.4258,-2.8646
0.0263,-0.8294,0.0334,-1.809,0.547,3.726,10.4,1.536,-1.093,12.307,-2.383,-2.452,-1.141,2.776,-0.621,-0.8888,0.0458
0.5674,-0.7666,-1.7687,3.456,11.723,4.468,-2.391,12.612,-3.487,-7.755,12.413,-7.964,-7.439,-2.584,-0.0216,2.0827,-1.5928
0.8899,-1.7253,-0.6981,-3.222,-3.505,8.993,-28.683,3.482,0.184,-4.3,2.076,9.562,0.605,-0.223,-0.782,-0.8724,-0.4168
2.0225,-0.374,0.094,-2.733,5.715,-1.131,2.09,11.023,-8.785,-8.981,0.637,-1.916,-0.056,9.975,1.8694,-0.4658,0.306
-0.3232,0.3485,-0.5288,13.786,-6.711,4.435,5.458,5.177,9.611,4.52,2.982,11.099,12.724,5.477,-0.1585,0.9327,-0.798
-0.4344,1.0953,-0.7195,-1.504,2.597,0.065,-13.162,-3.554,-2.132,11.624,10.998,-7.723,3.999,11.1,0.1682,2.0086,-1.127
-0.5378,-0.815,0.2738,-9.747,0.506,-3.569,-2.391,5.67,-2.54,2.24,8.54,-9.876,-5.715,-6.997,-1.1505,-1.0792,-0.1082
0.4122,-0.4299,2.1769,0.091,-5.843,1.374,-7.406,-5.693,1.465,-5.925,-11.36,7.652,-0.792,-0.501,0.0816,-0.524,2.6275
0.497,0.0719,0.9143,-1.494,5.084,-6.402,-0.851,6.316,1.716,-3.633,-3.417,1.941,3.03,-9.507,0.7059,-0.4383,1.3158
0.3138,-0.8147,-0.8806,3.999,2.432,-9.011,-17.992,2.184,6.498,-5.958,-11.806,16.145,4.673,-7.597,-0.3432,0.2567,-0.7421
-2.4467,-1.4738,-0.2313,0.874,10.813,-3.277,-1.133,-1.463,4.143,4.272,-1.676,-1.935,-1.503,-8.29,-2.9595,-1.3243,-3.7969
0.9026,-0.9832,-1.2561,-0.288,-2.167,-1.739,-19.137,6.219,12.199,-0.894,-7.694,8.862,-14.919,-5.169,0.0358,0.76,-0.9596
-1.1702,-1.9511,1.8486,-3.732,-0.95,7.981,-1.881,2.277,-7.212,-5.802,-8.6,8.745,8.179,7.288,-2.2448,-2.138,0.8098
-0.2539,1.2599,-1.6409,-2.394,-6.117,3.023,1.492,-4.15,6.739,5.509,6.998,-4.49,-3.091,3.895,0.6115,3.8102,-1.9083
1.0296,-0.678,0.8789,0.875,1.522,5.207,-4.774,9.157,1.051,-7.352,-8.076,5.839,-5.407,-12.955,0.561,-1.1933,1.4024
-1.4146,-1.035,-0.4864,2.562,-12.104,4.329,3.371,-5.749,-4.751,-2.868,-2.837,-22.598,-6.858,2.918,-2.0606,-0.4896,-2.0811
1.4208,-0.6379,-0.1267,1.406,13.013,-1.264,-6.813,7.365,0.046,3.595,18.374,-3.44,0.036,8.185,0.9343,-0.4481,0.2581
1.2093,-0.2915,0.5092,-2.94,0.831,-3.437,0.921,-5.152,-7.548,-3.568,0.761,3.57,1.347,-6.421,1.1646,-0.6432,0.9349
-0.0269,-0.4537,-0.872,5.863,2.841,-1.24,-17.034,-2.669,11.87,8.568,-4.423,-1.478,-3.405,-15.086,-0.4201,0.6565,-0.9664
-0.0477,0.1011,0.615,-4.108,2.153,6.658,4.472,-0.397,2.249,1.83,14,-8.335,12.326,-12.793,0.036,-0.2572,0.6604
0.1087,-0.7229,0.2531,-6.973,-1.391,-1.165,-1.787,-12.507,1.491,5.03,10.569,15.497,11.096,10.034,-0.5012,-0.9491,0.3136
0.8201,-1.1058,2.8611,-1.811,-8.87,-19.145,4.381,-10.872,-1.383,2.878,-14.639,8.485,-7.878,-6.069,-0.204,-0.3425,3.5526
-0.1441,-0.3585,0.1023,-4.062,7.79,11.209,3.379,-3.827,-6.347,-0.435,-0.166,4.699,-6.954,3.443,-0.4535,-0.4198,0.0844
-1.4209,0.611,-1.3447,-4.603,-2.708,-0.827,-0.687,14.367,-4.745,1.285,-11.762,-9.091,4.419,2.829,-1.5107,2.5467,-3.0507
-1.1599,-1.1009,0.0957,5.55,-2.559,0.639,6.587,4.595,12.612,5.104,-13.213,-8.299,-10.046,-3.519,-1.8945,-1.1789,-1.13
-0.1576,-0.6417,0.0991,0.61,-2.299,1.631,-3.601,-0.77,-6.829,7.418,-7.908,5.039,-3.368,-10.644,-0.7028,-0.6878,-0.0602
2.2553,-0.1778,1.407,1.451,-8.012,1.177,0.999,-6.835,9.687,9.558,-0.509,4.474,11.588,-3.538,2.4126,-0.6209,1.6674
1.4926,1.5137,0.0263,-1.112,-2.681,-13.493,-4.892,-9.521,-7.657,-7.554,6.761,-5.184,-7.183,6.967,3.6983,1.536,0.4495
-1.0986,-1.1819,-0.2073,-7.129,-6.14,-2.401,-12.546,16.036,-1.941,-3.886,-0.277,-3.321,1.256,-0.328,-1.8764,-0.9156,-1.3894
0.381,-0.8492,0.8107,-7.662,-3.511,-6.046,-4.827,-3.834,4.631,12.769,3.702,0.661,4.565,1.262,-0.2527,-1.328,1.1141
-0.9642,-0.7222,1.1069,2.613,16.657,1.509,-0.085,14.397,-4.097,-13.394,-11.164,1.982,-8.367,0.614,-1.5886,-1.1554,0.3438
0.0702,-0.033,-0.3431,-6.12,-6.138,11.247,-3.728,10.502,-12.413,-2.716,-10.477,7.467,-12.138,-2.578,0.024,0.3842,-0.3808
-0.1474,-0.0352,-1.2768,1.82,5.66,10.247,15.854,-1.634,16.179,3.679,9.861,-11.896,-7.808,-5.232,-0.254,1.7695,-1.4863
-0.9868,-0.7632,-0.9703,-3.663,6.597,4.282,-0.77,-11.235,10.032,-19.934,5.079,5.492,2.078,-2.381,-1.5411,0.4867,-2.0148
-0.4164,0.6269,0.0491,1.158,-7.499,4.954,-12.282,17.509,-5.643,6.445,4.348,3.004,14.671,-2.423,-0.0622,0.5854,-0.2959
-0.5644,0.1131,0.6816,6.657,2.161,-5.331,-1.456,0.788,1.538,-3.867,-0.092,-0.451,10.854,-0.598,-0.5655,-0.3419,0.2802
0.346,0.704,1.0672,-3.013,5.357,-3.922,5.536,4.443,4.212,-1.397,-10.075,-7.082,-10.78,-12.119,1.0717,0.1497,1.3818
0.5945,1.3705,1.0622,2.84,5.864,7.548,-8.092,-11.945,10.692,5.798,-1.15,-13.385,-4.784,-7.001,2.0068,0.8537,1.5113
0.7061,1.3721,0.5176,4.202,2.202,1.637,5.178,10.102,6.037,10.901,-0.844,-6.833,7.992,8.012,2.2003,1.0487,1.0204
-0.0159,-2.4629,1.96,6.346,-12.204,-6.114,-2.484,-11.142,7.461,-2.356,-0.731,4.084,2.906,2.239,-1.9854,-2.6853,2.1737
-1.2989,-0.6648,-0.0126,2.747,14.461,-10.779,-14.129,20.812,8.626,5.611,4.011,0.027,-2.034,16.753,-1.7964,-0.6224,-1.4765
1.0459,0.6392,-2.0531,4.002,1.454,0.722,0.679,-12.108,0.744,-17.894,6.53,-8.311,-2.809,5.733,2.0582,4.0993,-1.9004
0.393,-1.1381,-0.5029,-0.217,-2.836,-2.959,4.499,5.752,-8.872,0.264,-5.156,9.507,-11.81,6.813,-0.5483,-0.5312,-0.3825
0.6409,0.3189,0.138,-1.484,-9.339,-3.425,4.1,1.901,11.128,-0.067,-0.515,-5.145,8.774,-3.556,1.0671,0.1912,0.5321
0.9658,-0.7802,-0.3527,2.554,10.188,-2.203,9.537,3.633,-13.709,-10.511,-4.783,-12.002,-1.871,-8.657,0.2976,-0.4384,-0.039
-0.2275,1.9866,-0.1252,4.88,-9.329,-1.32,-4.369,-0.897,-5.913,-3.804,-11.075,3.566,-4.885,-2.5,1.1318,2.0515,-0.361
0.0838,0.7714,0.6898,-6.006,-1.315,-3.545,7.326,5.697,3.075,6.447,1.682,-1.539,-11.464,-1.607,0.7482,0.3796,0.7993
-0.7439,-1.6516,1.482,-8.019,2.591,-8.019,-3.803,3.112,-9.032,-6.909,0.035,9.04,0.769,7.459,-1.8723,-2.0778,0.9654
0.6021,-1.346,-1.5994,3.075,3.761,6.752,13.28,-9.332,17.163,-4.794,-5.248,-4.776,-4.655,-6.986,-0.5554,1.1086,-1.5138
-0.7017,0.9917,-2.56,1.298,4.591,9.139,-1.998,0.037,3.15,2.162,14.905,-5.911,5.395,11.183,-0.3132,5.9305,-3.4731
-0.8425,-0.5044,1.0315,5.088,8.775,-12.423,0.381,14.801,-4.547,1.638,11.936,-1.247,-11.275,9.087,-1.3147,-0.9901,0.2854
-0.4113,0.3338,0.622,0.908,-5.286,1.249,-2.327,-10.228,-4.44,12.357,14.525,4.474,-4.447,5.053,-0.2898,-0.1288,0.2991
-0.778,-1.386,1.0935,-0.49,7.629,5.474,-5.802,-3.356,-4.165,3.202,-2.208,15.249,-6.563,-0.367,-1.7794,-1.8244,0.4559
-1.6647,-0.7683,1.5493,3.684,-8.588,-16.525,6.232,0.674,-7.112,2.998,-11.515,0.578,-5.142,3.298,-2.2124,-1.2403,-0.2723
-1.0691,-0.6012,0.9401,-1.549,0.933,-7.353,13.031,2.226,-1.993,-8.648,12.132,1.825,-10.696,5.079,-1.6692,-1.0463,-0.0871
1.3194,1.1445,1.909,-11.548,16.574,-6.278,-3.048,-14.012,-0.904,-3.261,-2.109,-0.629,6.629,19.965,2.8963,0.7592,2.5118
-0.954,0.1746,-2.2639,0.516,-8.198,-20.729,-1.022,-4.835,-20.469,3.178,-6.454,-4.295,-0.434,-9.272,-0.9441,4.2069,-3.4507
0.5396,-2.6717,0.5017,-1.774,-13.711,-13.131,-0.315,-13.364,4.984,5.279,0.254,9.883,-10.442,1.362,-1.9232,-3.0699,0.8863
0.3705,0.2152,-0.0564,-2.474,-4.43,-17.344,2.312,5.35,-10.18,17.592,10.931,9.489,0.804,5.5,0.6197,0.2817,0.1789
0.0288,0.4184,-0.8696,-3.743,-4.272,-11.521,-7.859,11.279,-4.99,-17.793,7.566,-8.83,-21.08,9.142,0.3463,1.4744,-0.9061
-0.2207,2.8957,0.8851,-3.842,-5.288,-9.23,8.32,6.551,-3.543,-4.095,-10.885,1.109,-6.449,16.419,1.9105,2.4448,0.8098
1.5007,-0.6447,-0.3201,-10.888,16.873,-5.786,0.696,-3.684,4.424,5.095,-1.423,-0.359,-6.858,16.405,1.0626,-0.3024,0.0199
0.4344,-0.1228,-0.9012,-10.857,7.378,-0.33,4.814,-7.919,5.197,3.839,6.897,1.065,0.707,-3.889,0.373,1.0101,-0.7719
-0.0605,-0.901,1.6013,-6.205,6.125,6.078,9.617,9.814,-1.113,-4.909,9.016,8.651,9.548,5.351,-0.86,-1.3603,1.6806
0.0349,-0.7156,-0.1578,12.763,8.441,15.31,8.942,2.029,-9.736,-1.876,8.442,13.129,4.712,11.375,-0.5526,-0.5231,-0.1371
1.0762,0.4305,0.9294,12.435,2.163,2.461,-0.143,3.899,0.114,-10.311,1.84,7.053,-14.031,-2.46,1.7453,-0.0849,1.3727
-0.4464,0.2099,0.753,1.112,9.834,3.425,10.605,4.445,-7.234,-5.906,5.641,-2.558,0.378,4.301,-0.3592,-0.2285,0.4432
1.4116,2.4161,-0.4284,1.319,3.411,4.042,-3.041,3.022,4.842,3.471,-1.021,10.113,-0.441,-4.68,4.6698,2.8883,-0.0164
0.1473,1.0792,0.3266,-0.023,-1.067,-2.44,-8.229,-11.861,-7.446,2.866,-6.138,0.764,3.667,-2.838,1.0708,0.8357,0.4608
0.2388,-0.8303,-0.6822,1.221,2.207,7.617,-1.85,10.16,-9.408,-6.673,8.358,9.865,-12.1,-8.123,-0.3439,0.0156,-0.6157
-0.1634,1.2305,-1.98,5.844,-4.982,-7.777,1.436,-4.118,3.333,8.047,14.209,0.717,-5.453,2.859,0.7774,4.5597,-2.3075
0.2876,0.8847,-0.3377,-8.81,-4.128,-0.671,-7.863,-2.14,-5.173,12.446,1.184,6.829,-1.18,-5.007,1.1416,1.2461,-0.1894
1.2999,-0.8121,-1.1089,-0.208,18.062,9.748,13.53,3.669,-2.517,2.329,8.816,2.736,-8.704,1.527,0.5927,0.7424,-0.7224
-2.7311,-0.1349,-2.1747,-9.681,6.365,-4.051,-2.786,-1.088,6.08,-2.255,-3.126,-5.723,5.624,3.718,-3.2559,3.6941,-6.5673
-0.9345,0.6382,-0.2893,6.438,-0.153,0.923,15.916,-9.459,-11.833,-5.658,-3.352,-10.772,-10.87,11.033,-0.8009,0.9347,-1.2738
1.1678,-1.1628,1.0545,1.638,5.019,2.746,-1.252,0.482,-8.796,1.037,-14.321,7.992,5.02,-8.127,0.0759,-1.6361,1.5247
1.7539,-1.2715,0.5616,-6.085,4.072,4.837,-2.822,-10.312,-12.354,14.39,-3.475,6.553,-0.074,3.545,0.3776,-1.5636,0.9478
0.2235,1.3647,-1.2959,2.645,0.9,-6.714,8.944,-1.059,0.413,-5.018,0.054,4.254,-14.112,12.191,1.4434,3.1473,-1.3689
-1.0566,-0.3304,-1.6759,-2.99,6.041,-12.885,-19.628,-0.09,5.544,-17.189,-3.978,6.993,-0.607,-2.513,-1.4282,2.2996,-2.9104
1.234,0.2107,1.1208,3.36,-10.009,11.679,15.367,20.948,-6.801,3.255,-3.919,-1.85,-3.802,5.016,1.6783,-0.301,1.6545
0.692,-1.6775,-0.8413,0.889,-9.465,7.513,9.66,-12.785,-5.28,-2.871,4.628,14.524,3.713,-9.412,-0.9046,-0.6639,-0.5406
-0.4833,1.1519,-0.3352,-6.061,-19.377,6.716,-7.938,-2.861,11.639,6.527,3.629,3.786,-4.362,1.923,0.1229,1.4965,-0.8006
0.3919,2.1301,0.8384,-2.324,-0.231,4.314,-10.968,13.173,-12.067,6.225,-7.889,-13.659,1.334,-2.527,2.3934,1.6732,1.1798
0.6758,0.2127,-0.2795,-3.381,-9.41,-1.519,13.375,2.724,-12.152,-18.261,-5.698,3.183,12.803,7.416,0.9503,0.4863,-0.051
-0.279,1.3686,0.7186,4.52,-3.292,-1.941,-0.16,7.83,-2.556,-3.104,-6.797,-4.621,12.394,6.91,0.6197,0.9215,0.6132
-2.975,2.4569,0.5399,1.317,-8.011,-15.254,7.066,0.897,-1.662,3.271,5.974,6.445,6.286,-2.645,-3.7449,2.1576,-4.1464
-0.0014,0.742,-2.2399,-2.801,1.897,-6.591,20.116,-4.212,-11.904,-15.56,3.985,-2.162,8.949,-3.305,0.6004,4.7419,-2.4432
0.426,0.0942,-0.0825,-0.041,17.586,-11.146,2.776,-12.357,9.541,-6.214,-9.561,5.916,14.29,-2.184,0.6247,0.1585,0.1318
0.1293,0.1354,-1.0222,-8.558,6.676,-0.078,-3.962,6.392,-12.028,-4.877,-7.194,10.546,-5.64,-7.623,0.2812,1.4782,-1.0513
-0.597,0.3214,0.8751,1.065,5.645,10.857,-8.887,-22.534,-2.303,-4.172,-2.897,5.49,4.013,-20.284,-0.5319,-0.1778,0.4138
-0.2169,-0.2123,0.0729,-0.379,-6.459,6.597,4.795,1.586,-11.863,-5.562,7.696,-9.916,2.561,-2.933,-0.4203,-0.3402,-0.0891
1.3573,0.7442,0.1543,0.637,3.455,6.413,-13.043,-19.764,10.341,3.313,5.205,2.4,1.511,-0.412,2.5712,0.6017,0.5457
-0.5637,-0.1765,-0.6635,-0.284,8.426,0.65,-15.189,-3.159,-5.917,-17.649,-1.438,-7.557,-14.217,-11.664,-0.8089,0.5505,-1.215
-0.2949,2.8951,-0.3151,-10.591,-3.945,-8.617,-6.329,12.432,-3.664,-9.136,7.307,-2.432,-2.995,15.283,1.6902,3.2319,-0.5679
0.5555,2.2177,-1.009,-4.045,-3.931,-0.641,-4.677,-2.887,5.901,-6.673,-2.246,1.854,-14.267,7.527,2.8532,3.5337,-0.7367
-0.2037,0.1704,0.6964,-2.725,-4.195,3.454,-6.356,-1.861,0.392,-0.421,8.686,-0.007,4.413,-4.526,-0.1347,-0.3308,0.585
1.5142,-0.6017,-0.2452,-3.435,-2.151,4.942,0.953,-2.738,9.827,-23.007,-1.549,-9.077,2.223,3.249,1.0248,-0.3927,0.2027
-0.7356,0.3109,-0.6476,2.09,-0.397,-20.454,3.266,-4.516,-7.772,7.917,-5.802,-0.332,-5.683,5.992,-0.6617,1.0458,-1.437
-0.2507,0.5907,-0.7813,-1.14,-2.084,-12.244,5.432,15.674,-3.986,-8.917,-8.903,12.011,2.389,3.775,0.1068,1.5612,-1.0724
-0.6162,0.2363,-1.1511,2.887,-6.135,15.542,-12.987,8.595,0.809,8.848,4.699,1.471,-0.892,6.117,-0.5466,1.8105,-1.7921
2.2565,-0.4956,-0.3615,-1.769,5.711,-3.331,-6.326,-0.696,-6.421,-10.602,1.071,6.304,-3.784,-0.633,1.9608,-0.0892,-0.3323
0.5771,1.6784,0.3359,-2.051,-11.071,8.629,-4.937,-2.998,5.911,5.659,-24.481,-9.066,-11.758,0.894,2.3232,1.3605,0.6022
-0.1846,-1.2804,1.1793,1.186,0.661,-1.502,5.473,-7.377,13.704,14.472,3.64,0.229,5.784,-0.332,-1.0983,-1.7716,1.2465
-2.3326,-0.016,0.9617,2.894,0.012,-1.695,-3.005,-1.099,-2.437,-9.228,5.299,7.882,-5.807,-2.248,-2.803,-0.5215,-2.2252
0.5383,1.0586,0.8123,-0.142,-4.612,-3.215,3.324,-0.488,-1.53,-16.601,7.177,1.01,16.542,14.439,1.609,0.5557,1.1518
0.6309,0.6995,0.918,-5.655,-2.522,-2.908,10.243,-2.622,7.518,5.048,10.992,-2.757,7.261,1.156,1.4969,0.2043,1.3398
-1.4039,1.0224,-1.4581,-0.152,-22.764,12.499,2.565,-10.542,-0.081,-0.275,2.348,-3.812,11.554,4.098,-1.3615,3.1243,-3.1676
0.0489,-1.2758,2.1614,-7.487,-14.72,-12.49,-9.062,-1.504,0.37,4.183,-1.625,-10.422,-4.209,7.751,-1.0021,-1.2955,2.4017
0.6141,0.9575,-1.3074,-3.041,-3.471,3.148,-14.646,-10.333,-3.209,7.519,-0.082,-1.606,-1.295,-0.677,1.676,2.8204,-1.086
1.054,0.0049,-0.7346,2.151,5.944,-3.711,-4.76,14.682,-7.632,-3.561,10.671,2.981,-7.22,4.108,1.1081,0.8643,-0.4333
0.0392,1.4808,-0.0248,1.255,16.56,9.432,-7.901,-6.347,-7.677,-9.427,-0.982,-4.923,10.715,-0.368,1.2694,1.5047,-0.016
-1.7745,2.7334,0.671,2.953,16.514,3.797,-12.676,-5.764,7.173,-7.8,-2.659,-3.102,9.551,18.588,-1.3911,2.3057,-1.4591
-1.2677,-1.2257,-1.3634,-3.062,-1.562,-1.394,1.884,2.381,-12.858,6.773,-5.185,1.33,8.534,3.007,-2.0539,0.719,-2.9622
0.1392,-1.8536,0.3923,4.164,11.798,-3.146,-3.198,15.626,2.419,-3.701,-7.909,-4.789,13.885,1.237,-1.3936,-2.1536,0.484
1.1943,0.6517,0.3426,-1.75,6.115,7.876,7.529,-0.779,-1.553,-5.2,3.432,-3.19,-13.675,-10.747,2.1915,0.3652,0.7804
2.0405,-0.584,0.9391,8.438,7.869,2.209,-7.558,3.698,-5.236,8.081,-30.871,1.034,-8.482,-6.424,1.5913,-1.0548,1.1862
1.1928,-0.461,0.0162,-8.362,17.588,-9.977,-5.308,-10.162,-3.005,-7.328,9.67,0.057,-1.851,-10.111,0.8989,-0.4679,0.3877
1.2934,-0.0676,1.3562,-3.566,-9.558,-2.812,0.36,-4.292,-4.265,4.242,2.018,-8.962,1.553,7.404,1.5561,-0.5611,1.8675
1.4811,0.2126,0.5488,-1.362,-5.474,8.549,4.191,-0.312,3.039,-1.689,0.008,-3.613,1.037,-10.788,2.0485,-0.1432,1.0181
-0.1433,-0.8858,0.5045,0.988,-6.227,-5.756,-12.963,25.979,1.337,5.143,-6.914,8.212,-7.619,-4.401,-0.8598,-1.2224,0.5347
0.1664,1.4915,-1.1003,0.987,-3.072,9.282,-13.448,-13.923,20.267,6.368,-10.751,-7.356,-8.035,-4.413,1.386,2.9018,-1.2149
-0.3321,-0.0529,-2.785,7.023,-8.262,-1.969,-0.433,1.809,6.971,11.362,3.373,17.519,-0.154,1.717,-0.4474,5.6131,-3.3544
-0.4147,0.6792,0.8656,-3.417,-4.133,-19.298,-2.395,-10.503,7.175,-2.587,6.01,6.464,2.664,2.711,0.0195,0.1264,0.6461
-0.4549,0.9587,1.6265,-5.395,12.434,1.751,5.696,-8.17,-14.54,-6.013,-5.67,-0.44,-6.988,14.881,0.1045,0.4916,1.3298
0.0228,0.1967,0.7393,3.499,-14.379,1.365,9.713,-11.756,-6.135,-8.672,0.342,2.864,-7.841,11.355,0.1438,-0.2267,0.855
1.4797,-0.7998,-1.1775,-4.8,-18.258,-3.188,-0.15,-1.246,-1.537,-2.01,1.948,11.392,-2.562,18.893,0.8515,0.8258,-0.969
0.2106,-0.7913,2.565,-4.136,5.333,-2.901,-0.127,9.309,0.135,2.886,4.814,-26.364,-4.149,4.685,-0.4283,-0.5287,2.9175
1.0457,-0.3437,0.3422,-2.278,-6.936,-7.268,16.245,6.038,2.386,-11.052,-6.061,-8.9,-7.604,1.667,0.8566,-0.6118,0.7309
0.8636,0.481,1.6085,6.567,7.809,-2.103,3.358,-14.734,-4.663,5.688,2.134,-7.202,-18.685,7.444,1.5061,0.1009,2.1553
0.7352,-0.3776,-0.5099,-6.473,7.241,-10.214,-2.202,2.684,5.044,1.485,-0.025,-10.123,17.56,-10.445,0.5408,0.1461,-0.234
-1.3324,-0.4005,-2.3011,-5.451,-8.256,-1.356,-8.764,-8.415,-4.336,-7.651,-5.71,-6.906,-13.546,6.094,-1.6909,3.8696,-4.0033
1.597,-1.8831,0.5173,5.469,-0.249,4.428,-9.77,1.955,3.803,-3.196,-14.854,-0.091,18.211,0.619,-0.4629,-2.2599,0.9275
-0.1894,-0.2506,2.2587,-0.742,-4.77,7.773,12.434,-1.109,8.385,8.005,2.959,-10.486,1.35,-5.209,-0.4047,-0.203,2.3232
-1.035,0.2545,1.5404,-0.928,-0.147,-4.038,-4.586,-7.969,10.31,-3.163,-9.682,7.814,-3.441,-9.65,-1.0763,-0.2166,0.5984
-0.2522,-0.3066,0.4289,-4.619,2.056,-1.025,1.063,3.979,2.833,8.503,-3.321,16.04,-2.038,11.517,-0.5482,-0.6161,0.3295
-0.4247,1.8113,-0.2007,3.699,-2.096,4.503,1.438,4.759,-3.736,5.634,1.403,-5.477,-21.757,13.832,0.7086,1.9859,-0.5541
-0.3342,-0.5298,1.4511,2.458,-6.757,-4.467,7.045,-4.443,14.109,-16.498,-9.955,-0.611,1.99,2.739,-0.8026,-1.0238,1.2971
-0.0208,1.3911,0.9252,-4.758,-3.276,5.36,-11.926,-6.128,-2.045,-3.769,-8.666,-11.217,4.084,1.558,1.0589,0.9654,1.0444
-0.2749,0.4114,1.3736,-4.261,-3.836,-8.66,0.737,-6.174,7.518,-6.396,-5.156,-0.267,4.804,3.822,0.052,-0.0448,1.3634
-1.659,2.1473,0.7471,-2.741,10.177,-2.77,-3.181,1.114,-7.918,6.018,-11.442,6.265,-7.447,-15.882,-1.2996,1.6652,-1.1845
-1.4817,1.2744,-0.4393,1.002,0.501,-2.499,11.697,7.912,0.58,-6.911,-7.891,9.928,-3.051,13.982,-1.3168,1.7663,-2.2038
0.2719,-0.3729,0.2609,-3.224,14.623,19.933,-2.333,1.593,3.656,-1.102,7.961,-5.821,5.84,-4.241,-0.0417,-0.719,0.4878
-0.6162,-0.0944,-2.6864,4.642,1.484,9.696,-9.862,9.257,-1.53,16.705,-4.784,12.187,10.928,-11.953,-0.7689,5.2593,-3.504
-0.3816,0.6492,-0.4681,-2.378,-3.285,3.475,-6.628,-13.762,0.98,-0.125,-4.874,2.624,4.595,4.691,-0.0335,1.1114,-0.8855
-0.0747,-1.4979,0.0083,-1.204,-3.888,5.173,1.221,1.054,-12.54,7.744,-9.692,0.053,4.695,-8.286,-1.253,-1.5348,-0.0635
-0.6573,-0.7378,-0.1787,-4.261,-0.613,15.617,-7.433,12.287,8.065,-6.521,-7.791,6.624,7.984,-15.07,-1.2383,-0.5698,-0.7422
-1.2984,0.2375,0.0718,10.352,4.12,0.744,1.83,-3.31,4.561,-9.011,3.679,-16.909,-8.807,2.423,-1.427,0.177,-1.3577
-0.6345,0.1798,-1.2379,-1.941,5.748,0.935,-5.443,-9.554,-16.293,17.031,-6.682,5.991,5.33,2.972,-0.6505,1.9034,-1.9072
0.2218,0.1833,-0.5011,7.1,3.651,3.376,3.278,-3.985,4.207,-8.703,10.969,3.089,-2.935,-8.331,0.4175,0.686,-0.3783
-1.0106,-0.1869,-0.5962,-0.898,3.534,-6.348,-6.155,3.385,-5.064,3.237,-11.896,-1.919,-9.141,9.8,-1.2298,0.4557,-1.628
-0.0239,-1.2731,0.2295,5.015,-10.961,9.249,0.119,-2.819,-5.963,8.137,5.607,26.049,0.235,-6.632,-1.0831,-1.3899,0.2358
2.7429,-0.7103,0.1078,-2.831,10.33,-1.311,21.283,-5.094,8.935,-5.299,-2.969,9.685,-2.001,-4.148,2.1278,-0.8817,-0.1794
1.342,-1.6466,0.6922,-0.361,8.48,-7.109,6.863,-5.73,-2.655,-7.101,6.626,-1.952,13.507,3.131,-0.4037,-2.122,1.2335
-0.916,-1.3375,1.349,-5.605,-13.8,-8.727,6.51,-4.571,8.171,8.435,-1.186,4.677,-10.597,-1.471,-1.7776,-1.8783,0.6516
0.4315,0.3925,-0.1193,-5.324,6.314,-4.592,-5.202,-13.3,-1.412,16.703,1.243,-3.582,6.246,4.572,0.9184,0.4621,0.1592
-0.7914,1.4281,0.0809,9.264,10.338,6.3,-0.827,8.363,-1.277,8.187,2.623,4.348,1.008,5.055,-0.1962,1.369,-0.6422
-0.8949,-1.0539,-0.3614,-2.018,-6.168,-2.551,-1.911,-1.141,-4.028,3.026,2.476,-3.584,-10.43,-4.064,-1.6445,-0.6641,-1.2842
1.3156,-0.6593,-1.4372,-4.912,-4.135,10.381,-0.329,-2.982,-0.343,4.078,23.792,12.341,-7.206,-0.106,0.7511,1.4927,-1.1738
-0.5953,-0.2464,1.1096,-0.647,9.868,0.824,0.249,6.42,4.831,-0.678,-5.106,-5.804,6.139,-7.584,-0.8046,-0.8089,0.7362
0.5981,0.6665,-0.0758,4.098,-6.074,3.502,1.358,4.63,-16.401,10.717,1.573,9.478,-24.325,10.425,1.3658,0.7486,0.2364
1.2981,0.4354,-0.391,3.143,2.565,-0.153,2.091,-4.591,-8.299,-3.675,-14.895,0.892,-1.122,-8.484,2.0494,0.8262,-0.0261
0.42,-0.0456,0.0306,8.253,5.304,6.767,12.453,-2.216,5.052,-7.514,8.311,-7.75,3.354,-5.555,0.477,-0.0537,0.2792
1.3286,0.3427,0.5349,3.118,-5.565,4.098,-2.079,19.804,17.327,-4.589,4.846,1.932,-0.52,1.292,2.0241,-0.0685,0.9967
0.6413,-0.9867,-0.3631,0.254,-6.068,13.932,15.06,-2.066,-3.233,0.253,2.853,9.933,-3.59,9.423,-0.1954,-0.5963,-0.02
0.6585,0.5785,-0.9241,-3.174,3.057,-1.497,-2.662,-4.064,-7.551,8.81,-7.403,8.001,2.919,-5.192,1.3947,1.7118,-0.65
0.4056,1.7413,0.29,-3.909,-9.944,-2.631,9.58,2.447,-6.045,5.991,-2.117,-15.681,1.106,-3.996,2.0625,1.4559,0.5347
-1.5443,0.1183,-0.5106,-12.34,1.266,-4.101,2.072,-7.602,-6.332,8.344,-3.844,-4.831,3.567,-3.709,-1.7508,0.6565,-2.3111
-0.404,0.1746,-2.972,-6.314,-14.377,1.695,5.331,9.187,13.358,3.163,24.126,-2.325,-4.203,-9.849,-0.3271,6.3086,-3.6401
-0.0406,-1.4267,0.3815,2.627,3.523,-17.196,1.281,8.185,-0.901,-17.655,1.435,-10.32,-1.27,-7.117,-1.2251,-1.7819,0.3832
0.4211,2.1007,-0.1246,8.303,8.3,-12.935,-5.075,-9.047,10.05,15.23,-13.447,-2.747,6.44,-1.987,2.3763,2.2773,0.1201
-0.4964,-0.6869,-0.8961,2.052,1.331,-12.23,16.921,-15.199,0.972,-2.457,-1.905,-0.914,-6.012,-0.324,-1.0592,0.476,-1.3715
1.652,1.256,0.4533,0.257,6.014,-1.663,-2.785,-1.06,-2.701,6.019,4.222,-11.255,6.573,-4.278,3.6302,0.9003,0.798
0.3055,0.0997,0.0228,5.084,16.717,13.15,-5.486,-4.175,4.891,8.659,4.204,-4.623,-1.494,10.08,0.471,0.0857,0.2059
-1.8155,0.6932,0.5051,3.644,-3.934,1.121,4.164,-1.801,7.097,4.758,-7.923,-2.945,-1.084,-3.886,-1.9795,0.4017,-1.6908
0.813,0.2901,-0.6832,-2.678,-2.219,1.932,-2.424,-4.747,6.986,5.815,-14.441,-6.492,4.156,-11.015,1.2349,1.1015,-0.3666
0.119,-0.7393,1.4347,-1.326,1.37,1.712,-3.01,6.305,-2.589,-0.768,9.332,-7.103,3.696,-17.76,-0.5158,-1.1931,1.669
1.3738,2.3161,-0.6164,-1.627,-6.953,-2.707,6.317,-5.228,-3.573,7.495,-14.298,11.165,3.407,7.608,4.4849,3.0574,-0.3175
0.4385,-1.8819,-0.5242,1.562,-5.378,-2.647,4.331,6.172,3.203,-5.773,-6.111,-12.996,7.468,9.533,-1.2369,-1.2922,-0.4077
-0.4398,-0.1185,0.8093,1.111,-10.825,-12.548,6.049,-5.206,-11.57,-1.801,-1.777,-10.874,2.191,12.863,-0.6672,-0.6075,0.5798
-0.6394,-0.7838,1.3989,-4.798,5.541,6.242,-3.74,10.584,1.168,-13.598,9.727,-16.243,2.362,2.971,-1.2181,-1.2965,0.9235
0.6659,-1.0699,-0.1019,-6.864,-6.892,8.511,7.882,4.618,-1.904,-1.804,4.986,-12.634,11.498,-9.602,-0.3501,-0.9686,0.1659
-0.3741,1.2286,0.2265,-0.184,-16.595,3.44,18.288,1.656,-8.702,6.896,6.661,1.343,7.693,-0.448,0.4054,1.0143,-0.0325
-0.1418,-0.3608,0.5809,10.119,-9.108,4.899,-6.803,0.914,7.674,-1.774,-10.201,13.604,-1.094,-2.739,-0.3617,-0.7421,0.4687
-1.0485,0.7514,1.1329,-3.051,-9.715,-11.894,14.227,-3.011,-13.269,3.278,7.447,-1.43,-5.607,3.029,-0.8662,0.2244,0.2194
-1.5199,-0.7028,-2.3966,-3.15,17.227,3.708,0.267,-8.523,-2.416,2.565,-9.607,0.462,7.296,0.714,-2.1524,3.7217,-4.4925
-1.9864,1.2811,-2.1033,9.978,1.864,0.983,-6.179,-7.907,0.153,17.241,10.241,-0.231,9.658,0.662,-2.1117,4.9187,-4.8244
-1.0646,0.2954,-0.6908,0.068,-19.394,7.132,-15.01,-7.248,-6.562,2.047,-4.559,-15.347,3.141,-0.405,-1.1065,1.1676,-1.8382
-1.0953,0.688,-0.1343,2.425,-13.141,0.313,8.285,-13.841,4.792,13.809,-7.886,-16.3,21.669,8.061,-0.9807,0.7708,-1.2212
1.0066,0.0524,-0.5379,-4.233,6.399,-10.335,-13.394,1.951,6.907,-9.955,10.269,-2.585,-3.672,-2.572,1.3171,0.6163,-0.2122
1.7677,0.9955,1.4725,-1.099,-15.193,7.864,9.339,-11.999,0.08,5.06,1.307,8.295,3.704,9.313,3.3781,0.5178,1.9611
-0.0396,0.6659,1.1457,-3.923,-13.701,-3.926,-6.462,16.992,13.054,-17.285,-7.038,10.98,-0.349,-8.309,0.4994,0.1243,1.233
0.2979,-0.1561,0.4923,-4.49,0.209,-0.889,-8.523,4.321,-3.146,-0.048,3.78,-9.041,-12.244,5.31,0.1618,-0.4707,0.7371
-0.8928,0.2772,1.2633,6.718,-0.938,18.784,-10.522,10.383,-10.059,0.51,-6.993,-0.025,-4.923,8.82,-0.9588,-0.2489,0.5563
1.1097,1.5224,-1.8162,1.48,-2.714,8.722,-1.871,4.51,3.783,6.922,8.597,0.216,-5.859,-1,3.0286,4.4646,-1.5909
-0.4253,-0.5457,0.4807,11.779,1.967,-10.829,2.884,-6.952,5.521,-18.647,6.838,-12.475,-5.477,4.479,-0.8928,-0.8898,0.247
0.8852,0.5232,2.1876,-0.131,-0.388,-1.919,-3.413,-17.101,0.27,-16.174,-2.646,-12.215,-0.171,-6.239,1.5463,0.454,2.7584
0.517,-0.9446,-0.6202,2.791,-11.759,-4.785,17.724,-0.438,7.763,-8.63,-2.652,5.281,7.941,-2.946,-0.3021,-0.2715,-0.3891
0.323,0.6923,1.3912,0.559,0.328,-6.082,-4.129,6.449,-3.075,-3.237,1.664,-1.234,-0.864,1.539,1.0528,0.2739,1.7893
-1.3306,0.4302,-0.0541,1.724,0.31,7.163,-5.451,-8.871,8.996,-3.593,-9.493,1.116,9.995,-7.228,-1.4353,0.4932,-1.5268
-0.9857,-0.6239,0.0834,2.867,18.289,12.543,5.82,-2.829,-2.096,6.78,9.514,-2.491,10.325,2.935,-1.5372,-0.7034,-0.8969
-0.239,-0.8513,0.9657,-2.065,-6.244,2.052,5.216,-5.949,-4.254,-4.471,-13.666,-1.28,0.6,-5.97,-0.8925,-1.3603,0.8028
0.7066,0.1134,1.7007,2.734,-6.412,5.804,6.727,4.868,1.169,-12.19,-6.31,0.862,-15.843,4.11,0.9612,-0.1618,2.1832
0.769,-0.9645,0.9908,-5.45,1.606,6.035,-12.551,10.26,11.572,-2.134,-12.25,-2.628,2.968,-4.347,-0.108,-1.4609,1.4968
-0.0086,0.2006,0.7868,2.232,6.481,11.545,7.881,9.016,6.75,-13.817,2.278,5.15,-12.3,-2.806,0.1405,-0.2635,0.7824
0.7193,0.6693,1.2004,-0.571,-12.448,-3.357,-11.889,12.535,8.112,-13.881,-2.585,-5.018,-5.569,12.09,1.4991,0.1059,1.702
1.1387,-0.6719,1.2932,-1.997,-3.257,-6.522,7.331,-6.826,5.747,-1.696,5.672,5.798,1.777,-14.429,0.5874,-1.1804,1.8442
-0.799,-0.0138,-0.1613,3.395,-2.605,9.326,-18.424,1.781,-0.515,-11.267,-2.677,2.099,-8.909,-9.988,-0.934,0.1715,-0.9266
-0.329,1.5407,-0.3411,-2.044,-6.133,-7.538,-14.333,2.907,-11.643,-0.021,-1.844,-1.443,-11.417,-5.652,0.7413,1.8791,-0.6417
-0.5787,-2.445,0.3911,-2.337,-9.15,-1.558,-2.775,11.492,11.714,6.673,13.569,-3.695,6.152,5.185,-2.2776,-2.7498,-0.0917
-0.1236,-1.4302,0.4675,2.011,-3.881,-1.808,4.914,-4,-1.804,-8.843,8.309,10.404,6.443,0.139,-1.31,-1.7139,0.4484
-1.7526,-0.3447,2.1273,2.458,9.207,-12.049,-13.252,9.085,3.751,8.661,-4.05,-6.573,3.122,2.265,-2.2435,-0.4604,0.1923
0.1785,1.5012,0.6894,0.186,8.07,3.01,-0.225,9.068,17.092,-9.267,1.484,-10.792,-7.899,-15.229,1.4823,1.0534,0.9122
1.01,1.5228,-0.7868,1.928,-1.673,10.572,1.457,-5.691,0.592,-2.848,-2.693,-1.348,6.717,-0.815,2.8555,2.4274,-0.4563
1.2922,-0.1607,-1.277,-0.347,0.416,-5.704,-1.031,-6.245,1.936,9.545,-5.64,-2.777,2.253,-5.842,1.3757,1.6111,-1.0599
-1.1309,4.3252,1.1731,3.646,7.226,-3.001,1.769,-8.128,-1.594,16.268,-8.86,-9.137,-3.061,-4.042,0.6171,3.7967,0.1492
-0.0041,-0.6611,-0.1682,-0.028,0.598,-2.734,1.393,0.59,-8.319,-4.069,8.073,-6.692,-7.34,3.153,-0.5626,-0.5148,-0.2029
0.6712,1.0205,0.2697,-0.025,-9.429,-4.707,11.786,3.005,-18.372,3.767,-9.735,-9.387,-3.617,-2.533,1.8427,0.8882,0.6294
0.5364,-1.0938,0.2626,3.105,7.601,-4.642,3.46,-4.549,6.926,-10.581,-6.275,-1.954,-2.987,-9.002,-0.4109,-1.3019,0.5443
-0.0637,-0.6448,-1.496,1.91,-13.442,-1.813,-15.028,-25.716,2.606,4.448,-0.45,-0.01,1.07,6.062,-0.502,1.6429,-1.6225
0.9008,-1.3795,0.5694,-8.747,8.502,1.808,-4.216,8.265,-7.793,-16.278,6.574,-3.721,-3.121,-13.415,-0.3824,-1.7236,0.9531
1.269,0.5628,0.3109,-2.122,1.089,16.379,-3.924,-0.784,-1.605,-8.187,-6.146,13.16,-5.094,4.439,2.2397,0.313,0.6741
-0.2546,-0.6788,-1.5221,-3.891,1.19,-3.95,9.381,0.061,-17.88,5.663,-2.631,-8.487,-4.497,4.472,-0.7078,1.618,-1.8598
-1.7131,0.3344,-1.4335,2.062,17.898,8.21,3.007,-9.183,-2.892,2.537,-9.784,2.468,-1.32,-0.964,-1.9464,2.4414,-3.704
0.8035,0.1015,0.9159,-0.336,-0.128,2.817,0.922,7.873,0.82,-0.803,-10.285,-1.212,-11.433,8.324,1.1223,-0.3958,1.3386
0.5441,-0.3366,0.3499,-2.58,4.436,-9.744,8.761,2.806,-8.479,-0.984,1.229,-0.688,-4.524,-17.311,0.2342,-0.5707,0.6816
0.2889,-1.6858,-1.927,8.055,-1.002,-5.898,4.138,-7.247,1.642,6.44,2.93,-0.656,-2.271,-5.046,-1.1524,1.5492,-2.0083
-1.7754,2.6016,0.4818,-4.729,15.077,-7.441,1.173,-13.715,4.537,5.23,12.275,7.347,0.575,10.397,-1.3869,2.2587,-1.6342
2.0138,-2.5267,0.5492,-1.415,2.203,0.053,-15.174,-10.907,5.935,-6.98,-18.761,6.873,6.651,-6.338,-1.2419,-2.8939,0.7243
1.2664,0.7629,0.6879,1.204,-1.259,-7.071,-4.366,6.675,10.133,6.666,-0.961,7.144,7.93,-3.271,2.4085,0.3826,1.1761
-1.1555,-0.2019,1.1568,-0.022,5.836,10.599,1.222,-10.721,7.874,-11.006,-7.615,13.89,1.283,-3.331,-1.57,-0.6999,0.0437
-0.5159,0.4248,0.1078,1.957,7.328,-18.641,-2.036,6.761,-2.991,-1.475,5.91,-2.051,13.958,-0.98,-0.3425,0.3208,-0.2774
-0.3422,-1.6162,0.6531,6.403,11.84,3.237,2.968,-4.53,2.865,0.04,-4.957,-8.387,-10.406,6.884,-1.5215,-2.0117,0.4594
-1.0921,-0.034,-0.3575,3.063,-2.265,-15.951,-6.175,6.245,-20.474,-1.56,2.496,-8.665,-0.285,7.214,-1.323,0.3036,-1.5461
0.616,-0.4039,-0.0928,0.296,-16.164,3.525,16.183,3.103,0.779,3.657,-11.978,-1.606,-3.198,0.736,0.3849,-0.2441,0.253
0.7359,0.3171,0.5313,1.739,-7.622,-3.997,-1.702,-16.088,-9.491,4.78,-6.422,-2.273,-18.246,-4.086,1.2106,-0.0678,0.9613
0.038,0.673,-0.4544,-2.885,6.126,4.348,-2.116,12.65,0.657,26.271,2.2,2.697,-2.046,-2.255,0.5734,1.2226,-0.4623
-0.0576,0.3553,0.5354,-7.87,6.669,-5.858,9.962,-2.108,-2.548,9.184,-8.866,-0.443,4.4,1.005,0.1889,0.0015,0.6256
0.3267,-1.0139,-0.247,-9.365,-7.245,1.2,-0.165,6.697,-5.581,8.223,-2.998,-12.387,4.249,3.41,-0.4901,-0.8455,-0.0816
1.5625,1.6571,0.3171,0.696,4.563,-2.599,1.618,-16.222,2.528,-9.521,5.98,-1.097,20.325,11.405,4.0016,1.4121,0.6275
0.5608,-0.763,1.9877,-4.491,-13.058,2.982,-3.565,6.632,-2.841,-8.657,2.891,7.29,-3.93,-1.666,-0.0641,-0.8929,2.524
0.5161,-0.8426,-0.4259,2.884,-11.639,-2.365,0.856,0.231,-4.183,-1.202,5.259,9.872,4.41,9.355,-0.2065,-0.4041,-0.1732
-0.6535,-1.1717,0.4708,-0.097,2.533,1.574,-8.218,7.129,2.584,3.551,-2.59,1.483,14.831,0.793,-1.5802,-1.5123,-0.0088
-0.0502,-0.15,-2.123,-12.22,0.399,1.904,-12.176,8.21,20.25,9.616,9.222,-0.015,14.344,2.34,-0.1711,3.5546,-2.3547
-0.0364,-0.8001,-0.9104,-13.627,7.034,-11.227,-12.901,-0.235,-10.069,-4.988,6.28,9.367,-14.656,1.333,-0.7589,0.371,-0.9964
1.0129,0.7059,0.3534,6.356,3.142,-5.704,6.614,13.844,4.537,16.476,7.737,-2.611,-4.975,2.667,2.078,0.3827,0.8158
0.7688,-1.5591,0.291,-0.643,-0.557,-9.173,-2.983,-0.763,4.197,-17.412,-8.62,0.217,-7.373,-4.191,-0.6782,-1.7636,0.6431
-0.6462,0.7456,-0.4415,2.968,-1.02,-24.465,2.201,2.712,1.48,11.417,-6.59,-8.853,-12.652,12.603,-0.3113,1.2829,-1.1275
-0.1468,-0.2225,0.5757,1.129,0.19,-3.753,-8.63,-3.908,-12.762,-11.305,0.052,6.043,-2.392,-6.81,-0.2955,-0.6165,0.5068
-1.0078,-0.0535,-0.817,-11.546,0.317,12.588,13.531,-0.717,17.165,-22.099,-8.375,7.576,7.511,9.248,-1.1973,0.953,-1.9323
-1.16,-1.4682,0.058,-4.589,1.841,-2.009,2.149,-0.019,4.66,8.577,1.879,0.26,-6.103,16.757,-2.0159,-1.4725,-1.1777
-0.2324,0.4349,-0.2561,3.07,3.685,0.094,-2.073,-5.639,-2.384,-14.271,-11.143,6.626,13.212,-1.03,0.0495,0.666,-0.4851
-0.3754,0.7639,1.5961,0.522,2.475,-9.595,-1.08,11.152,3.495,6.22,2.209,-9.188,0.572,3.072,0.1131,0.3571,1.356
1.2931,0.2017,0.2944,-0.856,3.614,-0.437,1.125,-18.362,-4.594,18.049,-12.181,-9.419,10.883,-3.43,1.8099,-0.0298,0.7495
-0.12,0.2398,-0.052,3.69,-0.449,-4.853,-5.758,-0.247,-4.903,0.678,-6.007,5.288,12.301,-4.738,0.0259,0.2238,-0.1524
-1.4331,0.9302,1.071,-2.451,0.421,1.714,9.166,-13.466,5.931,-0.099,-18.51,9.444,6.114,12.526,-1.3411,0.4389,-0.4329
-0.7731,0.9747,-0.0141,3.781,-14.02,-1.94,-2.241,-5.118,-0.817,-2.391,-6.307,-0.609,-19.616,3.827,-0.3828,0.9915,-0.7257
-1.6026,0.5229,0.1753,-5.51,13.056,5.995,-10.617,-5.993,3.098,-6.216,-8.021,-0.922,0.112,-5.758,-1.7862,0.4071,-1.7189
-1.1082,1.1024,-2.1683,-3.364,3.611,0.786,-2.734,5.211,-4.567,-11.952,0.983,-6.899,-2.85,1.68,-0.8551,4.9041,-3.4927
-0.4776,0.8482,1.5299,-3.145,10.049,10.783,1.743,-14.207,2.079,-4.656,-1.118,-5.762,-6.896,-3.67,-0.074,0.427,1.2543
-0.3828,0.8764,0.5028,-1.61,-3.103,6.415,-4.468,3.45,1.975,7.365,1.969,-13.726,1.378,-0.192,0.1524,0.4259,0.2391
-1.7388,-0.6125,0.2061,-5.28,-6.551,-1.908,-2.199,6.781,-8.273,-5.458,12.927,1.796,-2.177,5.154,-2.2616,-0.7297,-1.9083
-0.3331,0.799,0.2432,5.61,16.224,-14.157,12.373,-5.918,-4.089,-5.323,-2.912,1.458,-0.35,-11.257,0.1803,0.5967,-0.0062
0.7991,-0.8661,-0.3068,-10.899,18.041,10.51,1.047,3.548,-5.95,4.085,3.462,8.189,-8.554,-19.361,0.0915,-0.6267,0.0208
-0.2336,1.2899,-0.5359,-5.128,1.371,-10.909,0.12,-0.591,-6.575,-25.934,0.136,-4.162,0.159,-6.359,0.6841,1.945,-0.7743
-1.3127,-0.2433,-0.2635,0.097,3.076,3.469,0.556,2.96,-0.862,3.631,15.927,-3.752,0.419,1.895,-1.6996,-0.0446,-1.7084
-0.1592,-0.8934,-1.9336,-2.518,-6.148,-15.727,-5.211,16.677,-7.316,-7.094,5.594,-12.191,2.168,-14.239,-0.8882,2.2946,-2.205
-0.9042,2.1778,-0.2299,-2.607,-12.223,-10.175,-8.705,8.651,-3.304,-7.252,12.051,3.67,0.353,-8.48,0.1305,2.3769,-1.1834
-0.2705,-0.4334,0.1431,4.878,-6.136,-4.617,4.323,6.846,5.896,6.633,2.85,-23.444,12.011,-1.258,-0.692,-0.534,-0.1194
0.3731,-0.6312,-0.1583,-0.649,-0.339,-8.216,-12.557,2.204,4.715,-5.088,-2.594,-7.159,7.863,2.979,-0.0977,-0.4704,0.0742
0.543,-1.4818,0.3931,-1.598,-5.624,0.937,21.911,5.783,-11.192,0.666,2.814,-1.482,13.599,4.439,-0.7091,-1.7556,0.6531
1.1061,1.3188,0.0943,2.884,-1.974,7.02,6.911,-7.637,1.832,-3.547,14.551,-0.158,9.211,-11.25,2.7015,1.2282,0.4975
0.7766,-0.1549,-0.0086,2.373,-3.188,2.307,-9.375,3.321,-13.656,11.465,12.652,-6.283,-1.046,10.021,0.786,-0.1257,0.3099
1.2004,0.842,-1.1286,2.552,-3.886,6.203,10.469,-4.233,7.851,-13.237,-2.065,11.62,6.134,-10.553,2.4719,2.3571,-0.8723
0.2031,1.0964,1.3541,2.21,-3.492,1.128,1.556,-27.787,-5.892,-2.716,4.518,5.894,3.173,-26.497,1.1618,0.5805,1.5983
-0.716,-0.7775,2.6278,0.146,8.449,7.094,-24.15,-7.187,-0.014,0.859,-11.032,-3.65,-6.119,5.819,-1.3264,-0.3248,2.2788
-0.3315,1.2803,0.6177,0.94,-6.553,-5.684,2.898,1.455,-13.636,1.571,12.033,-2.988,-4.689,3.536,0.4962,0.8985,0.4022
-0.4173,0.8197,-1.1252,6.743,-9.005,-2.473,5.539,9.084,3.817,7.434,-10.873,-2.285,-4.976,3.118,0.0133,2.2646,-1.4741
0.0408,0.0429,1.225,-2.498,-6.566,2.42,-2.083,1.688,7.65,-15.002,7.144,-9.687,-3.083,-6.549,0.0552,-0.3952,1.4361
0.2791,1.0356,1.2931,2.525,12.874,12.518,-1.726,-11.712,-2.189,8.397,-10.836,0.307,-4.52,-15.233,1.349,0.4687,1.659
0.0507,0.1111,-1.3839,-5.635,-7.48,28.099,3.339,3.06,3.359,7.897,0.113,1.831,20.879,1.905,0.153,2.1688,-1.3981
-1.2058,1.6109,1.2223,7.051,-7.438,-4.197,3.403,-3.405,3.311,15.418,-4.192,7.087,3.733,-11.755,-0.797,1.064,0.0451
-0.4353,0.863,1.1504,1.42,-4.325,-0.174,6.375,-2.794,6.734,-1.736,-8.441,1.17,-1.657,6.875,0.1283,0.3409,0.9483
1.5971,1.8504,0.3456,-0.786,0.272,9.775,12,-5.007,-1.199,13.014,-5.224,-12.484,-0.066,-2.134,4.2706,1.5454,0.7666
1.4178,-0.4875,-0.8083,2.527,4.563,-3.383,-1.11,7.822,9.602,10.259,0.377,7.591,-0.055,-9.9,1.1004,0.5279,-0.4956
-0.8212,-0.8622,-0.7426,5.298,4.65,8.633,12.13,11.391,1.155,-0.495,0.55,-9.86,-11.8,-13.234,-1.4201,0.068,-1.6057
-1.0468,0.9289,1.0448,0.542,2.843,-2.3,7.586,-7.561,10.838,2.918,-2.813,-5.869,7.699,-2.405,-0.8021,0.4176,0.1117
1.2986,-0.9975,-1.2763,0.61,-4.639,0.434,-0.938,6.658,-8.917,11.345,28.297,-7.929,11.35,-7.389,0.4054,0.7945,-0.9745
-1.4949,0.5177,0.4126,-3.751,11.436,1.639,9.265,-16.671,-14.328,-9.575,4.155,-1.853,-1.073,-0.845,-1.5579,0.1792,-1.195
1.8537,-1.193,-0.0655,-8.073,5.513,0.651,-8.013,-0.676,-11.471,-0.016,-12.157,3.596,13.796,15.245,0.5832,-1.1049,0.1562
-0.8904,0.2554,0.287,-1.407,-4.549,-3.643,0.785,-4.973,-7.489,6.311,-18.481,12.532,-6.059,-2.106,-0.8883,-0.0144,-0.5695
-0.462,0.2228,1.8357,2.128,-2.099,-8.805,8.75,15.509,10.056,5.904,-1.118,-2.751,2.114,3.391,-0.4139,-0.1,1.5669
-0.0201,0.962,-1.9538,-0.302,-12.155,1.009,17.066,-0.592,-11.132,2.96,21.092,8.067,7.131,9.033,0.8062,4.2096,-2.1874
-1.1157,0.121,0.2763,7.12,4.747,-18.007,-2.84,-1.174,4.361,-0.771,5.694,-1.996,0.307,-1.032,-1.3014,-0.1524,-0.8567
-1.0528,-0.6781,0.9682,-2.594,4.35,0.639,-6.193,7.934,-15.947,2.141,-11.962,-2.194,-6.773,-8.903,-1.6027,-1.1767,0.0345
0.6268,-0.4681,0.2373,4.254,-9.119,-3.875,-7.211,-9.601,0.607,5.457,6.927,-5.698,6.047,-7.428,0.3077,-0.7343,0.5901
-0.0759,-0.1813,0.8877,-3.576,15.056,-11.929,5.743,1.408,15.14,4.58,-0.859,-7.876,3.006,3.829,-0.2344,-0.7003,0.8798
-0.9096,0.0223,-1.7017,-2.284,-12.169,-12.697,-11.444,-10.281,11.123,5.69,8.493,0.702,-1.866,-7.48,-1.0435,2.6595,-2.7369
0.3427,-0.6172,0.5883,13.991,5.383,1.791,-1.959,-13.507,-8.73,-9.939,-7.2,-8.144,2.78,-5.695,-0.1935,-0.9527,0.8197
-0.6445,0.1035,-2.5386,2.723,1.726,13.363,-9.78,-12.019,0.801,-6.491,-2.057,5.045,11.613,-3.801,-0.7349,5.0147,-3.3805
-1.5228,0.426,-0.0447,5.506,13.828,6.229,-0.593,8.725,3.471,-0.618,11.862,2.178,9.817,4.758,-1.6726,0.4781,-1.8097
-1.2028,0.0209,-0.1113,1.273,-14.873,-4.405,-9.385,2.33,-0.988,10.945,-0.732,-3.77,-0.633,5.939,-1.4411,0.1714,-1.3542
0.4513,0.2373,-0.2035,-1.539,-9.494,-5.108,-0.659,3.475,4.509,-2.858,-5.708,-6.852,0.415,7.458,0.7783,0.4924,0.0167
0.3044,1.1539,0.3555,5.864,10.014,2.695,1.508,-2.449,-3.778,6.723,-4.615,4.214,-8.693,6.946,1.3938,0.8799,0.6155
-1.2401,1.3499,-1.6512,5.089,-2.582,-1.219,16.142,0.3,-1.462,2.928,-2.771,-4.614,-8.489,5.84,-0.8833,3.8913,-3.1579
0.1912,-1.0573,0.6649,4.376,-2.743,-3.72,-1.158,12.506,1.346,-4.436,-1.299,5.417,-4.077,-1.031,-0.624,-1.4476,0.8407
-0.5598,0.4136,1.0608,1.84,3.157,-4.656,16.644,-1.382,-3.039,9.472,-12.243,6.592,-10.764,5.158,-0.4361,-0.0648,0.7228
-1.0308,-0.2751,0.8355,-0.556,0.893,-13.888,7.323,9.878,8.357,-6.964,-13.92,-15.39,10.313,-5.614,-1.393,-0.6732,-0.138
-1.1604,-0.196,0.2054,-5.672,6.548,13.623,-7.89,1.314,4.301,1.526,-7.611,3.94,-13.601,-6.5,-1.4888,-0.3812,-0.9839
-0.601,0.2578,2.3648,3.212,8.074,-1.666,-13.3,-8.054,-5.306,14.217,-1.709,6.727,9.411,-14.499,-0.5637,0.3845,2.0333
1.0991,-1.131,-0.2638,-1.263,-2.821,5.251,-10.542,-1.53,0.852,5.788,1.821,-6.678,-7.112,-4.731,-0.0164,-0.8465,0.1488
-2.0789,-0.0389,-0.5322,2.481,-5.022,14.906,3.152,-7.747,4.273,-4.903,3.093,-2.197,-20.307,-1.194,-2.4645,0.5621,-3.3626
-0.307,0.7521,-1.0049,1.373,-11.21,19.53,7.966,3.866,14.211,12.471,-15.778,13.16,1.214,9.895,0.2203,2.0974,-1.3524
0.6838,0.1071,1.3396,-5.387,-9.503,-5.701,13.178,-1.857,-1.607,6.484,5.191,4.988,-1.682,5.154,0.8701,-0.3599,1.8538
0.2241,-0.0858,0.737,8.542,-6.445,-0.098,-17.15,-1.531,-11.086,0.877,-2.638,-5.778,2.926,-7.815,0.1451,-0.5397,1.0038
2.2977,1.818,0.6018,7.929,-8.265,8.028,-0.045,4.184,-5.065,-4.19,-3.476,-0.039,-11.771,-1.883,5.5013,1.4778,0.7285
-1.0607,-1.1516,-0.5093,4.506,-5.958,4.36,9.091,12.582,-1.856,0.531,-10.048,11.49,-2.073,-6.254,-1.8225,-0.4759,-1.6228
0.1003,-2.0935,-2.5757,5.439,16.902,11.118,-0.263,15.506,-13.191,0.533,-6.616,-11.332,4.196,3.048,-1.65,2.8555,-2.7533
-0.1308,-0.1849,-0.3773,-3.33,12.579,14.493,2.468,10.309,4.22,-6.071,8.314,-3.389,-17.362,4.14,-0.2683,0.2342,-0.5264
-1.9098,-1.3819,0.7132,4.556,9.453,-7.381,8.615,1.997,-7.753,4.939,-6.526,2.806,-5.891,11.283,-2.6221,-1.8174,-1.6591
1.2339,-0.3611,0.0381,-3.567,-9.887,-8.136,17.291,7.617,-4.099,3.067,-1.821,7.388,2.953,-7.099,1.1125,-0.4191,0.4806
2.6891,-1.5019,0.564,0.957,-2.55,-13.673,8.044,6.962,-11.837,-5.333,0.425,4.762,2.571,6.181,0.7174,-1.8986,0.3842
-0.5676,0.8344,-1.5215,4.519,5.034,4.031,4.368,1.798,-15.47,-4.347,3.413,-11.971,-7.134,6.029,-0.2212,3.1091,-2.207
-0.7643,0.0986,-2.4696,-1.193,-0.898,8.575,-3.907,4.354,3.823,2.426,-14.469,-5.301,2.801,11.022,-0.9227,4.7952,-3.3872
-0.0764,-0.7209,1.0347,0.834,15.57,-2.363,10.204,-6.713,1.167,2.047,-3.781,1.864,-9.398,8.962,-0.6277,-1.2345,1.0699
-1.0108,0.7491,0.0303,0.782,-4.084,-1.764,-12.901,14.284,-3.979,6.759,4.898,1.537,-1.266,6.628,-0.9278,0.7227,-1.0438
0.0335,-0.0953,-0.9471,-5.336,-14.478,4.91,2.508,-1.518,11.88,5.763,-0.741,-5.988,-8.21,-8.453,-0.0832,1.0606,-1.0315
0.9258,-0.1049,1.4104,-2.905,8.346,-3.203,7.502,-0.074,4.261,0.843,-10.765,-0.893,-4.943,4.522,0.9823,-0.5369,1.9324
-0.931,-0.5215,-0.3927,-3.132,-6.986,-9.497,10.035,0.627,-9.009,-4.464,-0.65,11.425,5.689,1.316,-1.3036,-0.0579,-1.3245
2.3303,0.4086,0.6943,5.6,1.083,2.698,3.172,10.774,5.877,-2.814,-2.197,-3.161,6.763,4.61,3.3539,-0.0289,0.8084
-0.0837,-1.031,0.2004,-10.634,28.075,6,6.559,12.894,11.763,0.297,-2.687,-17.072,-0.488,-9.669,-0.8663,-1.2012,0.2299
-1.4935,-0.3729,1.1958,-5.049,-9.865,-11.854,3.252,-3.973,-9.627,-10.771,8.998,10.282,5.718,1.61,-1.8901,-0.9321,-0.4427
1.0136,1.4766,0.0865,4.332,-5.024,-2.344,10.842,-6.788,-8.424,8.985,-0.037,7.195,-17.941,-9.547,2.8602,1.4377,0.5239
-0.8537,0.0041,-0.7416,0.508,16.32,9.967,0.628,-4.75,-5.74,7.712,1.972,0.3,-6.427,1.561,-1.0062,0.9061,-1.5367
-0.6091,-0.1543,-0.4008,0.326,-2.134,12.752,4.813,3.478,-0.057,12.658,10.084,-4.089,11.181,0.565,-0.8518,0.2781,-0.9879
0.6818,0.1445,0.3542,1.718,10.987,12.597,3.246,3.553,7.133,-4.468,4.234,-4.202,-1.632,-2.805,0.9589,-0.0499,0.7043
-1.0377,-0.3165,0.0767,9.042,-7.616,-12.34,-13.661,-1.039,2.834,8.206,-1.094,-0.502,-4.689,-1.63,-1.4294,-0.4064,-0.9269
-0.5298,-0.0818,1.94,-2.214,9,-10.072,-0.03,-7.609,-0.986,-7.014,-15.808,4.312,3.63,3.047,-0.6995,-0.2918,1.7202
1.0657,0.5766,0.9242,-10.601,9.683,-5.945,-4.336,9.152,4.08,11.31,1.147,-10.677,5.664,1.933,1.9822,0.0145,1.3637
-0.7484,1.3976,-1.5457,-3.962,-7.328,3.505,0.491,-2.868,0.209,0.933,7.467,10.608,12.462,0.147,-0.1485,3.7746,-2.3166
0.9444,-1.3125,-1.2356,2.056,0.322,10.319,-1.766,-5.464,6.663,-13.946,13.252,3.4,-5.364,-2.036,-0.2468,0.4372,-0.9599
-0.0625,-0.9242,2.3203,-3.419,-1.402,-12.158,-1.576,1.853,-2.478,-5.239,11.491,-7.55,22.409,0.407,-0.8354,-0.8122,2.5801
-0.738,0.7135,-0.0583,-2.574,8.701,9.812,2.525,8.197,-9.338,-10.116,-9.026,6.929,9.24,0.518,-0.444,0.7979,-0.7977
1.8332,0.5562,-0.725,3.218,-0.516,9.031,-3.623,-3.421,-5.094,5.875,-8.656,-3.492,1.063,8.309,2.9248,1.4546,-0.4958
-0.7665,0.8415,-0.9112,-4.512,-0.433,-3.349,15.851,18.056,6.474,0.853,1.563,1.493,-0.8,5.737,-0.4495,1.981,-1.808
0.8144,0.4249,-0.1203,8.944,7.484,-13.346,-9.142,-13.117,-3.903,-12.044,-7.663,-5.504,-0.893,-7.706,1.4345,0.5929,0.2358
0.7873,-1.1525,-0.7873,-6.671,-11.743,-3.537,3.801,10.398,-6.392,-10.641,4.079,-8.384,10.033,-5.413,-0.2248,-0.2638,-0.4884
-0.64,-1.3362,-0.5599,6.742,-4.32,-10.461,2.101,1.209,0.362,13.386,-4.268,-0.246,4.51,-7.351,-1.472,-0.7519,-1.1931
-2.1583,0.4977,-0.6439,1.188,-0.883,-11.23,-6.946,-1.458,3.776,2.799,1.371,5.949,-1.497,7.232,-2.5014,1.302,-3.6116
0.9187,-0.5174,-1.871,-9.626,-10.168,-8.107,-3.761,-8.944,2.208,-0.114,2.211,3.072,-1.396,-3.074,0.5613,2.54,-1.6147
1.1966,-0.436,0.635,-0.824,-5.087,12.065,4.047,5.225,0.885,5.407,7.135,-3.378,-3.838,14.004,0.9003,-0.8339,1.0351
-0.5693,0.7263,-1.0611,-3.959,10.626,5.697,5.207,-6.197,2.635,6.479,6.971,-4.527,7.852,7.907,-0.1903,2.1521,-1.652
1.3793,0.5748,0.1776,6.529,-0.654,4.059,9.129,-2.679,5.564,-12.726,-7.319,11.159,-10.608,-10.446,2.3945,0.4322,0.55
3.0309,-0.2366,0.2065,0.521,4.132,-2.948,2.345,7.098,-10.919,-0.774,13.514,-7.988,7.754,-5.911,3.2337,-0.4612,-0.418
1.6997,-0.7846,-0.2823,1.27,4.756,-14.761,0.966,-0.265,-1.259,-1.367,-9.976,2.564,-12.306,-0.733,0.983,-0.4393,-0.0274
0.2027,-0.2596,-0.0572,-8.995,-13.579,0.278,-0.332,1.762,-16.31,5.538,1.804,2.691,1.171,4.662,-0.0043,-0.2645,0.1278
-0.2291,-0.7493,0.3984,0.017,-3.597,-2.047,-1.211,-7.055,3.38,-1.387,-2.817,-15.695,-5.491,-5.73,-0.8814,-1.0321,0.2413
-1.1199,-0.861,-0.6402,-15.637,0.825,15.168,-3.145,10.369,12.489,-9.295,-5.626,-0.934,-1.122,10.324,-1.8121,-0.095,-1.8431
0.4731,-0.9588,-0.8655,-0.529,15.919,-15.316,-6.388,-6.664,17.372,3.407,-4.665,0.405,1.159,-3.852,-0.37,0.1508,-0.6859
-0.1524,0.2971,-0.4165,1.17,-3.432,-1.722,21.047,-0.823,4.175,13.741,-3.606,-7.788,-11.818,6.857,0.0151,0.7644,-0.5853
2.4,1.129,0.2507,9.231,-3.936,11.014,-6.824,5.927,-6.662,-2.69,-9.094,0.857,-4.843,6.112,4.6238,0.95,0.2046
0.536,-0.0467,-0.1667,-6.367,-12.996,-6.526,-2.144,-8.585,-2.695,-11.956,3.909,8.319,-6.324,-15.583,0.5809,0.1242,0.0645
-1.4771,2.3216,-1.0139,-9.796,-2.349,3.444,10.607,12.739,1.698,-0.887,4.512,-9.913,1.775,-11.965,-0.9195,3.6786,-2.7556
-0.325,1.7902,-0.8343,-1.587,-0.887,1.199,-8.249,0.575,2.109,-3.916,15.288,-4.217,3.216,-7.81,0.8233,2.7694,-1.1734
0.97,0.0691,-0.049,-8.939,-4.199,6.955,11.613,-1.037,3.069,5.922,-7.572,-4.276,9.01,-5.497,1.2703,0.1105,0.2704
0.595,-0.9271,-0.4461,1.382,18.452,2.742,7.941,-2.767,-5.67,-5.543,-6.829,-3.146,2.25,-5.581,-0.2357,-0.4223,-0.2419
-1.031,0.5522,0.3091,-1.382,0.125,1.876,14.71,-4.431,7.741,9.644,4.632,-17.757,3.585,-7.296,-0.9626,0.3094,-0.6975
-0.5327,-2.2783,0.4334,3.062,1.243,0.203,-7.866,-0.08,-0.025,3.057,-1.967,-4.15,13.781,4.276,-2.112,-2.589,0.0189
-1.4217,0.9266,0.4898,-6.124,-3.061,2.82,4.954,8.884,1.027,5.229,4.118,1.236,6.466,4.724,-1.3828,0.5534,-1.136
-1.1052,-1.1905,-0.0269,-0.388,-18.577,9.388,12.396,3.72,-3.708,-3.518,-10.158,3.188,13.037,1.462,-1.9154,-1.1702,-1.1553
-0.5617,-0.2127,-0.1432,-2.372,-11.327,9.902,-5.727,-1.668,-16.833,-12.926,-1.26,-2.148,6.703,-8.646,-0.8174,-0.0974,-0.6552
-0.3795,1.456,0.4889,-0.134,8.451,0.239,-3.085,6.942,16.505,11.156,2.877,1.08,-4.829,4.765,0.5403,1.1807,0.216
0.6067,-0.4151,-0.0885,-2.545,2.52,7.497,0.532,-3.853,3.776,-5.764,12.819,-2.149,11.854,5.998,0.3434,-0.3266,0.2671
-0.1841,-0.4087,0.5726,6.335,-1.724,9.09,-10.741,-11.006,5.268,-0.193,5.42,14.557,4.754,12.309,-0.5589,-0.8342,0.5037
0.053,-1.0767,1.0276,1.888,8.753,-14.556,0.528,-3.028,-6.196,-1.08,4.737,0.112,6.488,10.657,-0.8758,-1.5308,1.232
1.1981,-0.4981,-0.9221,-5.296,-1.494,1.962,9.026,-6.902,4.009,4.493,-18.278,-8.907,6.774,-4.065,0.8781,0.656,-0.612
-0.6957,-1.0045,-1.3682,-6.011,4.611,12.523,10.243,1.115,-5.511,2.322,-12.374,-9.062,12.125,2.831,-1.4235,0.9204,-2.0715
-1.53,-0.6805,0.6706,0.208,9.292,3.84,-9.488,3.26,1.696,-4.123,-12.702,11.539,-7.489,-10.649,-2.0773,-1.1032,-1.0878
0.154,-0.004,0.5738,6.217,-7.886,-4.936,-7.575,1.836,3.109,1.651,-1.113,-2.546,-3.854,16.752,0.1332,-0.3307,0.7173
-1.6242,1.2588,-0.2539,-5.908,-5.865,-3.751,4.632,-21.001,-4.63,-3.846,4.828,4.186,-7.558,-4.824,-1.5797,1.4977,-2.1782
-0.3569,0.7372,-0.5747,1.555,0.872,-2.455,-5.771,11.982,0.012,-0.331,7.603,6.543,-10.352,-0.443,0.0082,1.3461,-0.949
-0.4442,-1.3673,-0.0041,1.612,-11.393,25.329,12.072,14.594,6.061,2.315,11.054,-1.709,-13.73,2.226,-1.4514,-1.3959,-0.4098
-1.2403,0.1752,0.4388,-7.056,12.427,2.792,-14.812,-9.003,8.121,-7.647,-3.295,-16.713,3.701,-0.23,-1.4045,-0.1266,-0.8614
-0.7622,-0.4838,-0.5503,6.434,8.329,6.706,10.263,-11.576,17.173,-11.595,4.078,13.03,-8.092,-18.364,-1.1082,0.1031,-1.2938
0.9218,1.2693,0.6959,7.392,-12.602,-6.79,9.921,-2.717,-8.573,-1.257,-8.093,-0.623,3.27,-2.512,2.4369,0.7641,1.1719
1.0059,-0.486,0.1712,5.85,-2.4,-5.051,17.378,10.486,-8.342,5.569,-17.222,-5.427,10.572,4.952,0.6683,-0.556,0.597
-1.6072,0.0557,2.3193,7.439,11.838,-19.073,-5.148,-6.783,-4.104,5.662,1.606,23.014,11.082,2.888,-1.9168,0.1375,0.6123
-0.9653,0.8781,-1.4381,4.089,8.135,14.396,-11.543,10.336,-12.622,-12.327,1.483,-3.214,10.38,-15.219,-0.6523,2.9597,-2.5031
0.6759,-1.028,-0.6437,-5.645,-2.405,0.076,-8.276,11.698,-14.086,1.831,2.288,17.187,-2.016,20.381,-0.1886,-0.2846,-0.329
-0.9232,-0.164,-1.3344,-7.421,2.403,-19.387,-11.15,-3.601,12.919,-2.4,-3.785,-4.075,-0.715,-13.086,-1.178,1.6831,-2.4092
0.3234,0.1036,-1.807,-2.795,-2.546,-2.677,0.451,0.253,3.86,-3.446,4.967,6.406,-9.246,10.477,0.4378,3.0398,-1.8071
3.1612,-1.3895,0.5318,-4.155,6.547,-9.743,0.599,0.659,5.498,2.656,-0.921,1.579,-4.582,-11.27,1.3348,-1.7676,-0.2005
-0.1655,1.3848,0.4596,-3.52,-3.925,-12.002,10.998,7.114,-15.647,1.417,-1.313,-4.358,4.942,-8.109,0.8352,1.0681,0.3935
-0.0721,-1.4855,-0.8959,7.931,7.387,1.733,4.133,4.88,-2,-8.947,-11.503,-1.226,4.878,5.061,-1.2145,-0.3258,-1.0716
0.3725,0.7941,-0.199,0.646,4.584,1.91,-12.552,4.211,-25.427,4.124,-1.927,4.056,4.487,2.53,1.2195,0.9383,0.0107
0.3106,2.6833,1.1811,6.86,-6.923,4.689,-1.122,9.644,-0.21,-4.689,-13.982,14.243,14.502,3.46,2.8207,2.0889,1.5218
0.365,-0.0272,-0.7371,-1.121,3.124,-5.527,-21.868,0.564,-2.786,3.837,-11.274,-4.871,-9.385,4.538,0.3729,0.7815,-0.6139
0.0753,-0.9071,0.4954,3.055,-0.188,-2.936,-14.772,-3.895,5.757,-7.039,-1.413,-9.974,-4.35,10.984,-0.5634,-1.2931,0.6344
-0.2011,1.1897,1.1371,4.966,7.655,-14.075,-3.203,-1.52,-0.76,-4.188,-3.38,-6.346,7.449,-0.518,0.5544,0.6101,1.1291
1.0787,-0.658,-1.2833,-5.452,-14.823,-5.412,8.91,-1.267,-4.838,2.157,-1.406,-2.12,3.45,2.727,0.5982,1.1672,-0.9828
0.0206,1.1314,0.0084,-5.42,-6.992,-0.339,-15.53,-5.658,-4.198,2.111,4.226,-10.203,-12.103,-4.022,0.9701,1.1198,-0.0424
-0.811,0.1833,-1.4855,-4.643,-5.5,0.463,-7.61,11.732,9.331,5.537,-14.449,7.458,-17.966,-19.056,-0.8068,2.3881,-2.3855
0.6108,-0.3439,-0.7733,0.567,1.872,5.16,7.657,-9.989,20.626,5.452,-1.525,12.867,-1.608,-4.965,0.3476,0.6002,-0.5261
-0.6865,-0.3924,-0.1685,2.548,-9.295,-11.293,-1.163,2.358,19.195,3.747,-1.301,-8.141,14.912,6.726,-1.0104,-0.1767,-0.7908
-1.245,1.7713,0.2785,-7.724,-1.146,-2.976,-3.315,-1.103,-6.68,4.678,5.062,4.529,10.651,-3.293,-0.6875,1.5397,-1.1026
-0.0059,-1.1037,0.8841,-9.766,-2.021,-1.058,-5.028,2.358,-15.423,-1.33,14.518,7.768,5.081,-0.455,-0.8292,-1.6167,0.971
-1.1543,0.2664,-0.0659,-0.69,-0.245,1.536,15.077,-10.597,-17.606,3.073,-0.278,-8.43,-11.072,2.388,-1.1934,0.3072,-1.2905
-1.0347,1.1515,1.36,-7.643,-2.525,2.095,-4.88,-5.585,6.043,-0.45,3.855,-4.652,-6.854,-14.729,-0.6983,0.6552,0.4984
-0.7179,0.2824,0.0765,5.039,19.726,-0.562,-0.685,-13.342,9.764,-8.165,-6.1,6.35,-14.746,1.687,-0.7152,0.2243,-0.5296
-0.4242,-1.1447,-0.5542,3.528,13.82,-4.526,-1.303,13.679,-9.024,-6.1,4.311,3.329,-1.589,-3.402,-1.2644,-0.4741,-0.927
0.8751,-0.2554,0.7362,2.975,-13.331,13.462,-11.141,4.475,-7.819,17.779,-2.812,14.762,-4.712,-4.631,0.7762,-0.7487,1.1139
-1.3502,0.7658,-0.1632,-4.094,-1.308,-10.197,-13.56,18.135,8.649,0.838,-4.237,-7.603,-18.937,-4.499,-1.3176,0.9615,-1.6198
0.7299,-0.4083,-0.2207,4.757,-4.311,-7.921,-0.193,2.345,4.937,3.827,5.434,-6.604,-2.994,2.35,0.4571,-0.1934,0.1441
1.2209,-0.1851,-0.4879,-0.653,-1.45,4.556,6.015,7.188,7.409,7.333,-0.955,-7.559,-19.702,-9.244,1.2153,0.342,-0.1582
0.1086,2.5056,-1.3016,-7.01,-2.802,-14.58,12.977,3.047,-5.016,4.609,-2.946,-3.084,-2.911,-1.509,2.1955,4.322,-1.3446
-0.609,-0.3045,0.9843,3.62,3.654,16.775,-1.981,2.499,-12.904,-10.151,5.078,-3.797,-12.294,-2.796,-0.9492,-0.7814,0.5977
-0.3378,-0.5745,1.389,-1.705,-2.619,6.449,-1.014,-6.073,13.174,11.845,-5.377,12.369,-8.929,2.115,-0.7921,-1.0711,1.3036
1.128,-0.0641,1.0048,6.905,5.402,0.821,10.287,-3.152,6.124,13.693,6.429,8.429,-1.076,13.664,1.256,-0.5463,1.4552
0.2467,-0.1551,-0.3666,11.091,20.532,16.23,16.372,-0.747,-14.445,-1.953,4.617,16.238,-2.926,-2.671,0.1517,0.2083,-0.23
0.6863,-1.0241,0.003,4.465,15.017,0.182,-6.65,12.89,4.573,-2.221,13.481,-7.67,10.137,-15.86,-0.2906,-1.0016,0.3684
-0.355,1.4991,0.6297,-9.358,0.243,-6.02,0.648,6.422,-17.082,9.602,-1.158,-5.886,12.14,-19.82,0.6392,1.1214,0.3594
0.2574,0.3425,0.1405,-4.626,-2.524,-4.185,11.162,1.989,10.386,-4.047,8.758,16.5,11.69,-5.722,0.6497,0.179,0.3153
0.5816,-2.4463,-1.915,1.675,-2.556,6.257,8.135,-5.971,-14.046,-8.177,8.03,10.62,4.179,-4.696,-1.5436,0.704,-1.8393
0.4457,-0.0006,-3.6922,-2.452,0.263,-12.613,2.86,5.168,1.387,9.169,-14.56,12.082,-0.362,5.481,0.5189,8.8069,-3.7971
-1.313,-0.1545,1.4478,-5.639,3.845,8.703,8.343,1.197,8.165,3.284,3.498,6.886,10.718,-4.285,-1.6754,-0.5708,0.1657
-0.6226,-0.171,0.5731,1.392,8.975,11.667,-4.007,-8.459,6.421,4.064,-0.803,2.777,11.357,3.001,-0.8421,-0.5643,0.1344
-0.0783,-0.8872,-1.049,-10.613,-7.256,9.656,18.333,-18.956,-3.827,3.956,-7.248,1.964,-0.523,3.177,-0.7939,0.545,-1.23
0.7757,-0.7947,-0.9463,1.803,4.185,12.343,-0.114,-4.402,-15.588,-8.157,-14.274,-3.328,6.776,-12.262,0.0854,0.4216,-0.678
-0.8859,-0.1222,-2.6227,-10.188,6.21,-13.058,9.431,4.251,-3.753,-7.668,-11.084,2.753,-16.928,5.647,-1.0864,4.9981,-3.7059
-0.3719,-0.3714,-0.2242,-6.542,1.484,1.607,2.564,16.422,0.98,8.578,-1.736,-4.299,-0.186,-3.492,-0.6427,-0.0874,-0.5749
0.7639,-1.3337,-0.0729,2.27,15.76,-4.909,-8.274,13.923,8.987,5.978,-7.273,4.619,-12.668,9.451,-0.3932,-1.2908,0.285
1.3684,0.7922,0.9411,0.082,-3.88,4.286,17.88,15.541,-9.366,1.886,6.039,19.317,-1.437,-0.09,2.653,0.2994,1.4053
-0.4521,-0.0845,0.3026,-0.216,11.207,0.069,14.588,-1.11,11.979,-15.999,0.027,0.982,5.593,4.489,-0.5872,-0.27,-0.0501
0.0647,-1.0855,-0.9067,0.704,1.43,1.58,-13.364,-4.862,-3.934,-7.037,2.383,6.026,-3.169,-0.795,-0.8067,0.0711,-0.9488
0.2871,-1.3274,0.0051,-4.305,-1.138,9.861,7.204,8.905,0.84,3.461,-9.539,0.937,7.433,-0.444,-0.8503,-1.3303,0.0986
0.8793,0.7752,-1.4847,-5.443,-1.765,10.547,-2.618,4.617,1.318,-1.518,10.781,0.654,1.543,2.051,1.9035,2.9757,-1.2256
-0.5577,-0.5315,-0.5013,-2.73,-10.723,5.219,6.084,-2.264,7.731,6.716,6.563,8.648,5.587,-10.22,-1.0004,-0.0447,-1.0565
-1.2651,-0.3215,-1.9268,7.278,-1.444,-1.671,5.081,-1.166,4.627,-5.292,-1.276,-6.128,4.68,6.188,-1.6967,2.8726,-3.5189
-0.6631,-1.1722,-1.6837,-1.935,-1.666,4.11,-3.456,7.335,5.068,3.933,-4.904,4.883,-11.156,-0.953,-1.5155,1.4718,-2.4339
0.8072,3.1273,0.7082,6.528,6.328,3.639,-9.985,2.026,-6.357,0.322,4.984,-1.471,-5.025,-0.869,4.2542,2.7325,1.1003
-0.3968,-1.5192,0.1487,-1.321,3.771,14.966,0.157,5.733,-3.985,-0.231,-17.03,-12.046,9.109,0.608,-1.5738,-1.6259,-0.1936
0.1642,-0.8462,0.1435,6.403,-8.1,-16.754,5.045,-0.089,2.75,10.078,17.747,-8.626,-7.62,-3.818,-0.5431,-0.9513,0.3078
-1.4733,0.4324,1.286,2.371,2.846,-0.158,-18.4,4.665,-9.867,1.254,15.484,-2.907,-3.276,-3.078,-1.6928,0.0006,-0.2475
0.6245,0.7758,0.7571,4.907,4.595,-9.286,-9.567,-1.91,3.647,-3.283,-0.497,-13.313,22.393,-4.477,1.5694,0.3165,1.1936
-0.4435,1.435,1.8614,0.896,11.726,-8.859,2.054,-6.535,-9.172,7.739,-15.675,11.409,-2.664,-10.076,0.4446,1.1575,1.6857
-0.8996,-0.518,-0.9954,-4.42,-10.833,-16.429,3.348,-4.947,4.313,-0.505,-5.125,12.583,-11.555,8.07,-1.3168,0.7802,-1.9657
-0.9759,-0.7005,-0.3974,-9.251,22.134,10.108,2.378,1.855,-2.156,-5.564,-0.27,-2.234,-7.663,-0.095,-1.5082,-0.334,-1.3933
-0.1605,-0.0992,-1.6726,-1.559,-5.866,-15.906,-3.329,0.569,-3.739,-15.474,7.508,8.021,-9.763,3.044,-0.2942,2.4604,-1.8443
-2.2972,0.7402,0.0089,-11.317,6.894,9.188,-1.319,6.681,-18.453,17.549,2.416,0.492,-8.727,3.84,-2.6026,0.7214,-3.1652
0.0814,2.6481,0.4727,-2.13,9.827,-4.038,4.791,9.177,-3.107,14.05,8.133,-4.042,3.235,-3.767,2.2565,2.3283,0.6025
-1.1509,-0.4668,0.6776,-1.914,-20.571,2.158,9.245,-5.718,5.801,6.054,16.787,-1.352,-7.395,-1.002,-1.552,-0.9366,-0.4103
-0.6183,-0.931,0.2222,0.591,8.64,13.576,5.919,3.89,-7.307,5.339,9.811,-3.282,7.9,-3.173,-1.3479,-1.1201,-0.3055
1.7839,0.8728,0.8396,4.76,5.436,3.493,-12.925,-7.673,0.019,3.184,-8.819,1.436,-13.371,2.943,3.237,0.399,1.2447
1.5977,-0.9435,2.4209,5.042,0.212,2.823,-0.786,7.196,2.779,8.342,15.846,1.431,-6.749,-0.852,0.7292,-0.7213,2.966
0.0666,-0.1067,1.8008,2.719,-2.729,-2.808,12.529,-7.488,6.493,6.327,8.445,8.348,-0.67,-3.067,0.0638,-0.4237,1.9894
-1.2671,1.4678,-1.6522,-4.101,1.729,1.381,7.232,4.621,-7.22,-12.073,9.579,-1.844,-13.734,0.834,-0.9083,3.9634,-3.1943
-0.3464,0.1422,0.5826,-5.708,3.593,4.247,-6.737,5.961,14.539,3.599,-6.712,4.03,13.237,6.221,-0.3407,-0.2102,0.424
-0.1814,1.0348,0.58,3.814,-18.239,-2.572,7.759,9.203,-2.864,-12.428,-6.863,-4.872,23.937,-0.318,0.4794,0.6276,0.5459
0.5731,1.1805,-1.1254,-2.891,-5.035,5.406,8.491,3.714,-4.623,1.197,-3.56,-8.102,-1.731,-7.448,1.8601,2.7342,-0.9195
0.4754,-0.6188,0.1378,4.656,-9.348,-1.785,-12.269,-11.515,-4.351,5.555,9.277,6.279,7.199,0.997,-0.0044,-0.705,0.3439
0.1862,-0.3974,0.4377,-1.283,-9.099,14.34,2.114,2.726,-4.262,-1.592,0.798,6.271,-11.008,5.123,-0.0726,-0.7041,0.5992
1.4173,-0.6576,-0.0647,4.055,7.204,-7.048,14.345,9.429,-5.565,-6.52,6.128,-4.692,-5.346,4.662,0.9131,-0.5365,0.2669
1.9484,1.6678,-0.5074,-4.169,9.401,-9.31,1.336,11.306,-8.136,-0.312,-10.01,6.062,-10.328,3.549,4.6606,2.1808,-0.3701
-0.5653,1.1778,1.3535,3.372,3.952,6.895,10.754,1.534,6.791,-14.989,-0.249,-3.365,13.181,-1.863,0.0278,0.6287,1.0015
-0.0971,1.3728,-0.1906,-12.657,-11.324,-7.441,-0.66,8.134,1.51,0.516,-3.575,6.481,-9.103,8.223,0.9174,1.5669,-0.3408
-0.049,-0.0422,1.2233,-13.687,1.196,-6.154,9.595,14.426,5.777,-11.063,4.069,-14.116,-8.648,-7.482,-0.0883,-0.4977,1.2622
1.8494,1.7017,-0.0578,-0.407,-4.64,8.533,11.166,-15.507,-5.301,7.74,-6.171,4.826,-6.16,4.083,4.5191,1.7666,0.206
-0.7074,0.7067,-0.261,0.294,12.194,1.948,16.141,-8.4,-2.993,-2.041,11.279,1.083,-1.535,-1.042,-0.4566,0.916,-0.9004
-0.9122,-0.4427,1.2705,2.188,-3.731,-11.075,-5.153,-7.738,15.427,-9.835,-11.871,-0.545,12.6,-1.835,-1.2915,-0.9958,0.4706
1.2035,0.1403,-0.0356,-3.497,-5.612,1.95,-0.504,4.99,-1.052,13.816,-6.193,-5.452,4.056,7.864,1.5719,0.1011,0.3665
-0.5547,0.1011,0.7403,1.849,17.548,-10.291,2.435,11.032,-8.663,0.761,-6.354,9.713,5.205,23.92,-0.6216,-0.3544,0.3417
1.9984,0.7903,-0.2522,4.277,3.947,5.195,5.78,0.725,-9.851,-3.577,7.596,-4.699,-9.095,16.18,3.4979,1.0851,-0.0895
-0.626,0.2876,0.0858,-2.016,15.024,3.556,-3.35,16.072,-0.832,10.09,-4.669,1.197,-1.191,-2.859,-0.4908,0.2236,-0.4117
0.5285,-1.2225,0.1186,4.035,-9.188,13.688,-1.33,25.539,-12.365,-10.07,-0.009,-3.38,-11.944,-1.716,-0.4523,-1.3464,0.356
-1.0045,2.0013,0.1315,2.524,10.499,5.253,-5.326,-0.456,5.853,-3.166,1.663,-3.157,-4.892,6.033,-0.1389,1.867,-0.8745
0.1335,-1.3801,-0.5231,-4.396,10.991,0.35,-6.201,-4.038,10.05,-8.884,5.518,11.8,2.7,2.109,-1.0344,-0.8737,-0.4755
-0.468,0.2892,0.1797,3.093,1.78,-5.562,-5.937,1.488,-0.21,7.5,-4.138,-5.869,-0.275,4.191,-0.385,0.1011,-0.19
-0.5562,-0.2723,0.322,-1.102,12.86,-11.399,-3.276,13.631,-9.854,-0.877,3.795,11.474,9.397,10.508,-0.8026,-0.563,-0.0653
-0.6503,0.874,-1.109,-1.237,9.776,-9.912,1.471,-4.762,6.569,6.342,2.3,-9.5,-1.05,-8.637,-0.2971,2.3388,-1.7665
-1.1905,-0.0585,1.3474,0.297,12.544,-9.758,-7.855,1.493,12.476,-1.48,-0.302,-3.491,-4.324,-1.558,-1.4951,-0.5697,0.2313
0.2777,0.2999,-0.3802,0.354,-3.042,-2.246,14.82,4.956,3.515,3.002,-22.181,6.078,1.784,-2.529,0.6006,0.7347,-0.2766
0.1132,-1.2582,0.0889,4.094,1.736,-10.507,7.157,-4.046,12.453,7.312,17.783,14.477,8.917,-7.291,-0.8707,-1.3655,0.1899
-0.2335,0.6285,0.454,1.727,-3.22,5.335,2.346,3.038,-2.352,-12.477,-3.333,-8.94,12.411,-7.017,0.1608,0.3171,0.313
-0.7223,0.7749,0.7547,-3.526,11.741,-0.318,13.589,-14.101,7.631,0.74,0.979,-0.661,-1.711,11.183,-0.4093,0.3437,0.1706
2.1726,-1.5588,0.0772,-7.912,0.877,-0.141,-7.741,10.336,-6.755,3.377,-2.469,3.733,9.866,-3.856,0.3187,-1.6407,0.1915
-0.0739,0.7415,-0.4866,-0.175,10.982,-13.085,3.166,-7.347,9.689,-18.403,14.099,-1.996,-4.799,5.037,0.4982,1.2731,-0.5776
1.0781,-1.3744,0.1417,-0.534,0.609,3.151,18.541,2.623,-10.465,-4.814,-3.143,-10.725,4.778,-17.047,-0.2242,-1.5008,0.5703
-0.895,0.8196,-0.6466,-2.305,4.883,15.912,-9.668,10.429,-7.927,-8.968,-0.401,4.28,-0.197,-7.614,-0.6151,1.5999,-1.5968
0.5928,-0.1721,0.091,5.648,17.11,13.068,11.999,1.895,5.679,-14.275,-2.41,-17.853,-2.246,0.174,0.5319,-0.2719,0.459
-1.5946,-0.6827,-0.904,7.808,16.632,-0.082,-5.459,-8.675,6.328,-17.609,-1.394,3.493,1.283,2.245,-2.1202,0.4671,-2.8975
-1.2144,-0.6888,-0.367,9.081,-0.023,-8.484,-6.626,-12.456,6.054,13.834,-2.949,5.668,0.711,6.665,-1.6911,-0.3236,-1.6838
-0.6325,-1.72,0.0997,5.544,7.766,-2.474,-10.913,1.369,0.286,1.493,9.913,0.899,-3.838,-12.96,-1.813,-1.7766,-0.4924
0.0726,-0.0149,0.5699,12.199,-8.747,-13.492,-1.23,-12.915,-6.777,-12.429,-3.405,-0.579,15.824,-13.235,0.1077,-0.328,0.6972
-0.235,0.6392,-0.1617,9.51,-1.097,-3.179,5.918,-18.294,0.702,-19.159,-9.572,-0.892,3.961,-13.555,0.2838,0.7695,-0.3298
1.1875,-0.5644,0.8686,0.983,-7.841,-2.794,1.46,10.129,-6.058,-2.655,11.942,0.23,-6.379,1.292,0.7595,-1.1057,1.3228
1.1666,-2.0843,-0.6416,10.046,-6.671,15.426,-13.214,1.485,-4.872,-2.795,-4.473,-5.129,-3.881,0.512,-1.1057,-1.3804,-0.3237
1.02,0.1466,-0.068,3.459,-8.132,3.843,0.024,-12.546,-8.871,3.203,-4.531,-7.835,-14.607,-5.914,1.3773,0.276,0.4102
0.5004,-0.1234,-2.6537,-2.782,9.983,-4.186,2.981,-16.115,-2.184,14.741,-0.653,-8.458,0.728,3.698,0.4756,5.0676,-2.7527
-2.0163,0.9675,1.4905,1.15,1.878,0.309,-7.429,-0.948,-10.568,18.461,-3.187,5.585,8.36,-13.884,-2.2141,0.5186,-1.0081
-1.0348,0.2512,-0.6059,0.951,13.588,0.99,1.567,7.801,8.725,23.047,-0.275,-0.376,7.952,-11.641,-1.1084,0.9221,-1.7163
-1.1431,-0.3094,0.8397,-1.161,-15.638,-8.264,8.984,9.698,4.325,-6.472,-4.332,-12.244,3.453,-0.404,-1.5319,-0.7678,-0.3029
0.4088,-0.5834,0.5132,4.215,-6.49,-5.553,17.842,-2.437,4.076,-4.932,-13.883,6.037,8.426,-2.953,0.0075,-0.9141,0.8348
-1.7607,0.3431,0.146,2.032,8.406,-0.579,8.681,-7.74,7.827,-1.797,0.739,-1.217,17.45,14.341,-2.0294,0.1784,-1.9635
0.0416,0.6231,0.8363,-1.853,-2.568,-13.62,2.172,-8.513,6.413,-4.136,-2.197,-10.323,10.43,0.062,0.5764,0.1544,0.957
0.1553,1.1047,-0.0719,-3.571,-3.646,-6.97,0.753,4.293,6.841,-3.382,1.616,2.75,-8.585,2.806,1.1083,1.2045,0.0626
-0.6512,-0.5859,-0.2987,4.024,4.996,-3.821,-6.226,-4.719,3.941,1.35,-5.466,-9.575,-2.094,-10.361,-1.1912,-0.3615,-0.8958
0.7085,-1.3263,0.1953,2.785,-8.573,-0.638,3.474,-4.885,5.46,1.144,3.572,4.711,-4.42,8.278,-0.5257,-1.489,0.5063
-0.8099,-0.116,-0.9233,0.334,-0.897,6.273,-13.052,-16.792,-0.684,-10.581,-0.434,2.062,-0.083,0.675,-1.0283,1.0231,-1.787
-1.4798,0.1405,0.1726,-5.987,11.164,4.676,1.398,-13.965,-0.078,-6.14,-1.732,-14.818,2.855,11.783,-1.7843,0.0816,-1.5276
0.5194,1.2822,-0.8713,-0.656,-1.984,-9.088,5.697,-7.646,11.642,1.008,8.476,-4.933,-7.386,-7.833,1.9024,2.3278,-0.5992
0.4817,1.4089,-0.9639,-6.356,-3.285,8.96,-4.488,6.541,-1.717,-2.395,-5.065,0.567,-3.015,-13.189,1.9054,2.6184,-0.7834
-1.0549,-1.0842,0.4809,1.458,13.875,1.393,0.646,-6.266,-10.514,-0.944,7.363,0.913,5.724,8.359,-1.7399,-1.3201,-0.6052
-1.1384,1.678,0.5948,1.609,6.262,-7.682,-5.419,-4.028,-5.572,1.522,9.223,-2.121,7.263,-2.74,-0.5761,1.2708,-0.53
2.2065,-0.6948,-0.0823,-1.57,-8.343,-5.675,6.98,-4.151,-4.163,-4.049,-20.386,6.976,-6.322,-5.941,1.7665,-0.6676,0.0397
0.6344,-0.3509,0.3822,-5.846,1.205,0.949,0.745,4.721,8.629,5.641,-14.453,-8.874,11.07,8.132,0.3789,-0.6654,0.8111
0.1352,0.7453,-2.2901,3.842,6.182,9.584,2.814,-3.474,-2.687,12.929,13.495,-13.061,-4.774,-6.646,0.7613,4.8089,-2.4122
-1.0105,0.423,-0.877,-9.53,-3.369,7.858,-17.088,4.708,18.239,14.509,12.036,13.69,-9.022,-10.472,-0.9655,1.5251,-1.9858
-0.7363,0.1018,-0.1099,-4.478,7.587,12.526,-7.486,4.479,1.135,-11.41,2.719,-9.162,-1.188,-9.742,-0.7992,0.1772,-0.8167
-2.3335,-1.5454,-0.2904,0.982,-11.301,4.535,-9.489,-4.553,-6.098,-6.822,5.391,-1.509,1.177,7.056,-2.9676,-1.2047,-3.5813
-0.5134,-0.294,0.6501,3.084,-2.61,-12.181,7.957,-4.266,-16.466,-9.959,-7.804,0.473,-5.081,3.266,-0.7866,-0.6909,0.2206
2.334,-0.0005,0.4497,3.26,-3.74,1.671,10.116,-2.754,-1.761,5.165,1.12,0.73,-10.974,2.326,2.8299,-0.3329,0.5014
-1.1624,0.1519,-1.4857,-0.419,4.79,2.678,-4.66,-2.624,-22.331,-5.712,-3.159,-18.619,-3.013,-13.016,-1.3258,2.3478,-2.8839
0.3982,-0.1137,-0.328,-1.329,-9.747,2.437,10.003,-1.202,-8.262,5.04,-6.475,5.604,-0.859,4.874,0.3108,0.2347,-0.1672
0.9601,0.7777,-0.4341,1.748,0.893,11.565,-0.533,0.394,-6.572,2.446,9.113,0.185,5.067,6.921,1.9837,1.2837,-0.1253
-1.1084,0.5274,-0.1827,1.758,7.652,3.318,-12.068,-0.741,-4.439,-13.582,10.245,1.255,-1.347,-2.052,-1.0797,0.7003,-1.3635
-0.0924,-0.0415,-0.682,8.192,7.987,-1.229,4.14,3.196,-0.473,-1.525,-0.602,-1.706,3.881,-6.468,-0.1709,0.8147,-0.8228
2.3639,-2.455,0.7699,1.674,-0.729,-10.135,3.888,5.843,-2.251,-3.383,-4.362,-3.905,-4.203,11.032,-0.8103,-2.9581,0.8234
-1.3774,-1.1136,1.3041,-1.291,-16.964,16.661,7.685,-4.049,20.327,-8.839,-6.704,-7.729,5.841,7.651,-2.1224,-1.6159,-0.139
1.119,-0.7783,1.2181,-1.121,-5.858,7.677,3.021,5.283,-2.613,-1.168,4.315,12.061,-2.228,3.353,0.4492,-1.2475,1.7803
1.3537,0.414,1.8906,2.721,5.755,3.36,-7.503,-0.619,-4.204,5.96,-6.554,3.708,0.572,-0.906,2.1159,0.1732,2.5577
1.032,0.0005,-1.6141,-1.275,8.117,-5.716,6.738,8.333,-0.414,11.439,-11.942,-4.802,-6.915,-2.006,1.1978,2.5176,-1.2992
0.5811,-1.2806,0.2772,-0.628,-3.105,15.383,3.076,-2.595,7.7,-21.876,-1.238,-6.214,-1.3,3.653,-0.5322,-1.4743,0.6354
0.2095,-1.2832,-1.4583,0.704,5.783,-5.294,9.551,-5.547,4.722,12.659,-13.109,12.949,-3.137,-4.577,-0.8476,0.9125,-1.4746
1.0671,-0.2902,0.6609,6.983,1.661,-9.35,7.665,-2.776,19.07,-3.119,-1.423,5.798,1.622,-7.339,1.0286,-0.6877,1.1179
0.4689,0.0942,-0.764,10.37,-1.525,-12.583,7.376,-12.987,8.348,-3.229,-12.613,5.461,-9.283,8.105,0.5721,0.9826,-0.5593
-0.3992,-0.4905,0.7559,1.117,-2.179,6.075,-0.498,6.152,-0.321,-2.668,0.698,2.386,9.073,2.79,-0.8855,-0.8987,0.5437
1.6476,0.1647,-2.1266,3.211,2.276,4.063,6.314,-3.27,0.635,2.339,4.014,6.225,5.283,0.562,2.1596,3.9316,-1.9765
-1.6311,-1.1713,-0.8415,-2.62,-3.775,-1.493,-8.291,4.81,13.233,11.53,-4.423,11.709,-7.202,2.147,-2.2512,-0.0903,-2.9004
1.2328,0.5208,-0.3893,-1.939,5.693,-11.897,1.444,-10.68,-6.406,1.627,-4.708,6.078,5.75,20.361,2.1153,0.9404,0.0097
1.8433,0.8241,0.754,5.227,14.071,9.839,-4.533,1.182,2.941,10.718,-8.134,11.437,18.009,-5.204,3.3155,0.3033,1.0496
0.3811,0.8051,-2.6593,2.677,-12.707,-1.466,8.884,2.408,7.441,4.672,11.416,-6.779,-3.145,-13.064,1.2239,5.9818,-2.6511
0.9871,1.4327,1.0946,-9.577,-2.038,1.418,0.761,-17.399,0.125,8.938,17.384,12.57,1.633,-13.136,2.77,0.9356,1.6868
-0.0604,0.5465,-0.9433,6.081,-1.523,-7.368,1.452,-8.087,11.113,13.695,-3.697,-14.258,-4.646,-13.31,0.3187,1.7576,-1.0239
-1.5947,1.2033,-1.1081,-3.484,7.312,-4.193,9.315,-8.604,9.277,-9.303,8.148,1.917,-12.281,-3.338,-1.5089,2.6884,-3.0912
-1.1996,-0.6217,-0.598,6.827,20.072,1.28,-2.217,-9.432,3.869,11.631,-11.622,-0.343,-2.938,-17.16,-1.6644,0.0981,-1.8743
0.0804,0.4529,0.7639,4.406,20.382,-8.245,0.519,-7.87,1.26,4.691,5.934,-13.191,10.02,9.521,0.547,-0.0498,0.8536
0.7352,1.1646,0.2537,1.394,2.887,-9.627,-2.317,-4.268,6.632,-1.731,9.679,1.558,14.919,-11.645,2.0008,0.9212,0.6127
-1.3707,0.371,-0.5523,8.156,2.88,1.353,12.985,-2.11,0.324,16.653,-7.326,-10.189,-6.152,-3.027,-1.4626,1.0178,-2.0707
-0.119,-0.5362,0.7811,-3.027,16.242,0.925,8.133,4.432,-5.32,-5.902,5.607,-3.261,10.219,2.257,-0.5392,-0.9976,0.7667
-0.4917,-0.8922,2.5324,4.829,-6.202,9.19,0.173,3.773,-4.979,14.043,-0.095,-7.425,3.938,-5.968,-1.1115,-0.6189,2.3818
0.0713,0.4066,-0.9743,0.405,7.036,3.831,0.055,-17.934,-10.111,-4.444,-5.128,-2.482,-6.675,0.194,0.42,1.6618,-1.0295
-0.886,1.0019,-0.577,-10.079,4.268,0.146,-5.927,17.304,11.928,-6.625,-11.198,-6.457,13.337,-5.105,-0.5091,1.6808,-1.5273
-0.5035,-0.5269,-1.6475,1.465,0.805,4.208,4.436,-8.079,0.389,-6.027,-2.651,-0.792,0.217,-3.392,-0.9526,2.0394,-2.2826
0.8662,-1.1383,-0.8546,0.013,1.993,-7.205,-0.612,-2.767,-20.738,-1.185,6.416,1.127,-3.269,0.859,-0.1759,-0.0157,-0.5481
-0.4193,-1.4643,-0.6485,-2.886,-12.552,-3.955,9.3,-11.234,7.144,-9.659,6.122,2.355,2.266,1.103,-1.481,-0.7044,-1.0766
-0.0936,3.1141,0.3363,-3.912,0.533,-20.194,18.603,-5.125,-4.392,2.431,-11.741,-6.829,6.189,-9.25,2.2758,2.8263,0.2281
0.9171,1.3722,1.2849,-3.052,5.398,6.851,2.616,3.096,-11.489,-4.023,-19.442,-0.569,-4.375,3.785,2.5406,0.8883,1.7908
-0.7945,1.2824,0.8171,-5.206,8.338,-11.577,0.537,-4.969,10.197,8.765,-6.709,-16.017,3.353,-3.38,-0.1679,0.7872,0.119
-1.1495,-1.6588,1.4156,10.898,1.434,0.519,0.68,16.625,-2.546,2.084,-7.878,-5.607,13.209,-6.048,-2.1067,-2.1938,0.3935
-0.1934,0.0182,1.7391,-3.689,9.984,4.915,8.45,0.169,0.178,0.706,0.517,7.448,8.262,17.659,-0.2342,-0.3041,1.7286
0.8441,-0.6539,0.6635,2.918,-3.309,-11.842,10.326,-6.604,-10.617,11.771,0.113,1.01,-2.416,3.101,0.3644,-1.1551,1.1288
-1.6115,0.6347,-0.4557,-5.004,2.294,13.169,7.954,9.075,7.521,-7.076,6.357,-1.31,5.991,5.747,-1.708,1.1569,-2.4014
0.0708,0.2308,0.0374,1.913,-9.989,-14.817,6.217,10.398,11.139,15.684,-5.005,-7.527,-3.892,-12.522,0.3075,0.2119,0.1017
1.7343,2.0375,1.3623,-4.261,3.747,-15.27,-6.848,3.891,-3.236,-2.896,4.211,3.38,-2.503,6.349,4.7751,1.5811,1.8836
0.5067,-0.6967,0.1569,2.036,0.988,-17.364,-8.436,-1.136,-8.491,-10.515,7.004,0.562,7.323,10.217,-0.1081,-0.8498,0.4812
0.1772,-0.865,-0.2212,-7.678,-4.877,7.293,17.659,-7.725,4.003,1.003,-5.153,14.687,9.017,1.634,-0.4612,-0.5697,-0.0939
1.3831,-1.2279,-0.5585,0.214,-6.929,-8.406,0.941,3.622,0.452,-9.491,4.063,16.023,-3.344,-2.755,0.1949,-0.5465,-0.1973
-0.3576,-0.1617,-2.2044,-1.616,8.645,-12.509,17.129,3.098,6.416,-16.207,5.949,-6.016,3.336,4.467,-0.4679,3.7765,-2.6934
-0.7519,1.0552,-0.3167,-2.892,-9.779,14.037,-9.054,1.736,13.294,-6.454,-1.075,5.775,2.519,-5.947,-0.3282,1.4141,-1.0579
0.1331,-1.7053,-0.5669,0.075,5.857,-1.568,-6.095,6.738,-1.987,-9.332,4.792,-10.138,3.321,6.846,-1.2993,-1.0999,-0.5943
-1.0963,0.7481,-0.9895,5.649,-12.731,-9.004,-11.975,-2.01,15.501,-0.832,4.942,-2.342,-1.903,0.906,-0.9716,2.0102,-2.1217
-2.1943,-0.63,0.6596,4.802,1.159,-4.67,-4.397,4.515,17.389,12.865,3.675,-5.977,-10.238,6.927,-2.7451,-1.0903,-2.2699
-1.064,0.0176,0.4227,0.315,-6.068,8.517,0.041,1.413,-1.657,9.035,4.006,-13.433,2.924,9.881,-1.2783,-0.276,-0.5907
-0.7779,0.2651,-0.1983,5.329,6.051,-1.919,0.597,10.637,-1.768,4.715,-2.247,-9.241,0.158,1.864,-0.7755,0.3837,-0.8898
0.0358,-1.3463,-0.6943,1.857,1.929,11.204,7.13,-12.106,-8.781,-4.685,-7.415,-2.81,6.503,-4.434,-1.0815,-0.5516,-0.7673
-0.159,-0.5361,0.0421,2.491,1.542,10.808,5.084,-1.171,-11.766,5.789,-2.143,10.685,14.361,-7.254,-0.6157,-0.5934,-0.0853
1.643,1.2698,-0.2238,-13.302,-5.445,-15.569,-3.119,14.663,1.805,-4.585,7.148,1.572,17.576,12.81,3.5534,1.5746,0.0763
1.5668,-0.2546,0.5045,-5.448,15.33,5.993,5.482,14.237,14.021,0.396,0.666,5.116,-13.623,12.737,1.5064,-0.5673,0.9194
-1.4069,-0.1927,-1.0785,-3.676,0.068,14.137,-15.642,-0.572,-7.529,7.907,14.874,-7.687,-1.233,-9.476,-1.8165,1.3523,-2.7564
-0.7536,-1.5529,-0.8739,1.678,1.983,-7.607,11.42,3.61,10.372,11.435,-8.203,5.849,-7.703,-3.823,-1.7501,-0.4717,-1.7353
-0.6398,1.6671,1.1704,2.213,8.975,-7.137,4.803,20.972,3.337,1.929,-3.126,-6.826,-1.918,7.36,0.3365,1.1884,0.6874
1.3938,0.2162,-0.0227,-0.539,0.838,-7.6,-12.943,6.004,-7.602,8.761,-2.291,0.642,6.328,2.164,1.9435,0.3259,0.4525
0.8086,0.3254,-1.3044,6.93,3.657,1.454,4.687,11.322,6.765,5.102,4.62,-4.3,-8.906,-1.235,1.3193,2.2078,-1.0273
0.139,-0.1592,1.9142,0.103,-17.391,-1.588,10.349,24.484,15.395,-11.265,-3.05,0.311,8.68,1.833,0.0488,-0.4111,2.2646
-0.1475,0.7852,-0.4945,2.104,-9.249,7.27,9.289,0.994,-10.019,-5.304,5.431,-12.513,-1.451,5.109,0.4285,1.3275,-0.5866
-0.9591,-0.7019,0.213,1.921,-5.962,-3.152,0.429,1.026,-2.298,3.845,-6.017,-16.627,6.097,-0.943,-1.5605,-0.9008,-0.6186
-0.2815,-0.489,0.5294,1.049,3.794,-1.456,-13.276,-3.39,5.947,-5.976,-7.5,-7.429,-10.665,-0.752,-0.7169,-0.7997,0.3897
0.9539,0.7283,-1.139,3.978,5.137,-10.587,3.451,-1.573,-5.798,-13.395,6.372,5.651,12.238,-7.635,1.8411,2.2465,-0.8065
-0.2268,-0.7001,0.4024,4.962,-11.19,-18.924,4.332,14.135,5.355,-7.968,-9.705,4.042,8.141,5.029,-0.8153,-1.0965,0.2704
0.5817,0.0469,-0.7675,-7.529,9.337,-18.286,0.579,5.187,6.182,-1.879,-6.325,-4.202,7.351,9.152,0.7549,0.9957,-0.5077
-0.959,-0.2587,1.4756,3.245,2.922,8.251,15.9,4.833,3.482,-8.857,1.364,-5.658,4.072,10.665,-1.2527,-0.7526,0.6781
-0.333,0.0278,0.0066,-4.061,-17.461,-6.69,4.236,10.431,-17.098,7.245,-8.153,2.524,6.397,1.67,-0.3775,0.0072,-0.2468
2.2437,0.7333,-0.8708,2.179,2.031,-3.222,-10.555,7.921,4.499,1.916,1.131,9.493,8.627,-16.335,3.7265,1.8516,-0.9291
-0.7015,-0.2433,0.3459,-2.518,12.114,5.578,4.137,3.749,0.296,2.946,-13.827,11.323,-7.295,-4.706,-0.9419,-0.4532,-0.2742
0.5933,0.9266,-1.3833,6.449,-9.748,9.998,1.682,-1.219,-5.225,-12.966,2.638,-2.535,13.679,4.794,1.5785,2.9557,-1.2284
-0.6961,0.596,-0.1643,1.625,-7.319,-5.224,-3.817,-4.687,5.549,4.143,-11.73,-10.511,0.174,6.107,-0.5112,0.77,-0.9114
-0.1615,-1.2226,-0.0793,1.15,-0.568,-2.983,-5.06,5.502,0.041,1.605,-12.343,-0.06,-10.294,19.411,-1.0765,-1.1412,-0.2638
0.4375,0.5159,1.5489,-3.05,7.564,13.517,-2.875,1.111,0.024,-11.116,-3.551,2.811,0.993,1.659,0.8995,0.0474,1.8846
-0.5496,-1.6096,1.506,5.876,-2.464,1.182,-3.931,1.262,-0.256,-9.422,2.432,18.522,4.599,-0.513,-1.7388,-2.0482,1.209
1.8568,-1.5887,0.8155,-10.763,-7.211,3.321,8.095,-0.457,-19.388,9.453,4.368,8.57,1.906,-4.7,-0.0499,-2.0381,1.2065
0.3765,-0.4459,0.0136,-1.658,4.713,-4.759,10.452,-3.758,6.412,6.95,-4.914,-3.855,7.562,-21.624,0.0364,-0.4395,0.261
1.1305,-0.593,-1.1081,1.392,2.96,2.563,1.99,-1.264,9.736,3.596,10.227,-3.642,-11.478,2.363,0.6941,0.871,-0.8002
2.2791,-1.2572,-1.5371,-1.966,-11.676,4.808,-2.369,2.052,-18.528,-0.712,3.587,4.429,2.495,0.926,0.8459,1.0357,-1.5841
0.2743,-1.5914,0.8599,-7.585,-1.092,-5.174,4.982,11.908,-0.26,-5.478,-5.52,1.46,11.519,-0.42,-1.0632,-2.0704,1.1009
0.1675,-1.2971,0.5597,-6.788,-8.135,-17.168,3.253,1.346,-0.313,-10.376,-7.903,-4.321,9.253,9.189,-0.9047,-1.6522,0.7372
-1.1389,-0.7587,-0.7736,1.762,10.796,17.784,1.943,11.92,1.52,-6.946,-12.238,-12.598,-5.355,-3.942,-1.669,0.1467,-2.0704
-2.5123,-0.3403,0.4769,-2.167,10.759,-10.227,3.018,-9.131,-9.731,7.795,-1.55,2.021,7.964,-0.586,-3.0087,-0.6774,-3.1592
0.672,0.2281,0.2561,-5.222,3.765,-1.615,0.45,6.506,10.242,-12.876,1.452,-2.76,-0.489,-22.883,1.0692,0.0458,0.6063
-0.7298,-0.5484,-0.2182,8.459,3.186,-7.078,2.406,7.584,-4.321,-17.233,-3.99,8.071,-2.536,4.042,-1.239,-0.349,-0.8813
0.0353,-1.1585,1.0501,0.05,-3.51,1.408,-2.477,-3.595,-2.877,11.125,-3.108,4.362,-15.144,9.393,-0.9083,-1.683,1.1977
-0.6592,-0.244,0.3535,-3.117,6.876,3.794,-20.207,4.662,-3.266,8.938,-23.613,-5.784,1.562,7.131,-0.9198,-0.5419,-0.1771
0.3432,-1.1752,0.9969,0.444,2.663,9.032,2.403,-3.593,-9.129,-14.857,-5.905,5.695,3.206,-2.968,-0.6959,-1.635,1.3342
0.4813,0.5845,0.5714,7.059,-7.414,6.862,-14.348,-7.708,4.653,-3.274,-0.012,-4.268,-2.851,-0.042,1.219,0.2438,0.8422
-0.4463,-1.4031,-0.8126,-1.238,1.215,14.093,-2.143,1.286,-8.166,-2.696,-22.373,5.41,3.955,-1.03,-1.4555,-0.383,-1.2854
-0.9162,-0.1578,-2.1464,7.571,9.463,15.818,2.316,-4.108,6.175,13.535,11.444,-13.956,2.81,-10.659,-1.1453,3.5772,-3.3326
0.0785,0.6414,-0.1603,2.289,9.313,1.245,-9.701,12.778,-1.763,8.147,-5.345,0.201,12.652,-15.345,0.6325,0.8349,-0.0926
-0.8731,0.7794,1.5389,3.912,1.457,-5.551,10.27,-6.47,6.958,5.207,3.851,-11.223,-2.288,0.231,-0.58,0.2851,0.851
-1.8387,0.2618,0.0661,1.352,14.749,12.813,7.194,6.59,-3.94,4.715,-4.625,3.606,1.307,0.158,-2.152,0.2026,-2.217
-1.1716,-1.3454,0.7831,1.005,8.715,-6.146,4.575,-0.493,15.766,-8.552,7.857,4.1,3.943,-2.651,-2.0237,-1.8556,-0.3533
1.1096,-0.592,-1.7862,-1.94,-8.034,-3.774,-13.369,-4.248,7.776,8.581,-0.515,-9.691,-4.405,-4.393,0.6996,2.2534,-1.5463
-0.4708,-1.6703,-0.1299,-2.312,8.24,-7.849,6.188,-5.108,-1.715,-3.649,7.876,13.86,0.425,4.425,-1.6888,-1.5781,-0.4838
0.9041,-1.6539,2.9397,-10.09,-5.01,-3.12,-1.128,-5.328,0.745,4.414,3.387,-20.389,11.631,-1.275,-0.8052,-0.8495,3.6483
2.3998,1.5237,1.1802,-7.82,3.549,-6.598,-0.445,2.816,7.664,-1.151,8.137,7.534,-3.762,3.304,5.1777,1.0318,1.2531
0.0232,2.3455,-0.104,-2.544,-7.188,-6.771,16.754,-14.16,12.227,-5.747,1.512,0.701,6.393,14.496,1.853,2.4771,-0.1291
-1.0801,0.741,1.2542,-4.405,0.463,-2.382,2.818,-9.129,3.157,1.327,9.579,-4.717,2.281,5.673,-0.9148,0.2365,0.2939
-1.21,-0.5291,0.3387,0.733,4.492,2.222,1.485,-15.036,5.181,4.053,6.287,-3.627,1.365,2.476,-1.697,-0.7331,-0.8662
-0.714,0.8638,-0.3722,-5.646,-1.405,-0.105,0.084,8.586,-9.124,-13.014,4.293,-6.64,9.01,-1.844,-0.4115,1.2616,-1.0846
0.4415,0.6723,-0.3468,-0.457,-2.479,-9.631,-3.748,10.023,-2.073,3.377,3.924,9.629,-1.281,7.07,1.1377,1.0369,-0.1473
-1.6927,1.1012,-0.175,4.748,3.483,7.731,7.971,-3.585,-3.984,-2.463,-5.927,11.258,19.554,1.403,-1.7389,1.2615,-2.2431
-0.4572,-0.9914,1.4158,-2.246,0.078,2.684,-1.201,3.239,-9.636,11.338,4.613,13.56,-7.974,-5.98,-1.1712,-1.5208,1.1832
1.5978,-0.088,0.4217,-0.374,-1.914,-3.266,-1.732,-2.262,-15.837,-0.833,10.192,-5.572,-1.9,-2.341,1.7974,-0.4251,0.8813
-0.7351,-0.5899,1.2745,-8.245,-6.4,19.206,-0.927,9.502,-0.311,2.319,-3.663,-3.329,-6.213,1.432,-1.2059,-1.0793,0.736
0.3872,0.7727,-0.3991,0.513,-5.589,-0.236,-0.284,1.402,19.98,5.795,16.054,9.369,1.905,0.99,1.0544,1.1807,-0.2203
-0.6007,1.1094,1.7003,-0.985,-6.327,0.66,-7.409,-12.359,-7.603,-1.702,5.206,8.971,-1.641,-1.69,-0.0317,0.7633,1.2204
0.1717,0.0473,1.1528,3.335,1.713,-6.575,-15.238,-0.527,-2.777,-2.141,6.141,5.489,-11.06,-11.688,0.2834,-0.4331,1.3848
0.642,-2.8377,-0.1152,-2.068,3.863,0.862,-1.008,-6.03,0.537,2.203,-4.652,-7.182,4.997,-3.883,-2.0914,-2.8008,0.2241
-0.9271,0.4175,-1.0728,9.615,12.942,9.201,-6.421,-0.735,12.232,-3.043,-3.212,-3.824,6.261,1.443,-0.8529,1.8376,-2.0554
-0.7115,1.2698,-1.1557,5.178,-10.254,3.581,3.532,-3.43,-5.937,0.296,-9.201,0.306,-3.884,4.742,-0.1448,2.8392,-1.9131
2.1028,1.4379,-0.1035,7.253,-1.668,7.346,1.084,3.681,-5.035,-5.763,3.482,-5.697,9.38,-7.283,4.5779,1.5211,0.0237
-0.1989,-0.1398,0.2461,0.285,25.308,0.618,-10.547,-6.935,-5.223,10.341,2.137,11.886,1.929,-1.224,-0.3397,-0.3194,0.1154
0.4382,0.7012,-0.5164,-1.686,-4.018,4.079,3.862,-7.847,-0.807,12.972,3.082,0.511,-2.864,11.17,1.2164,1.3016,-0.353
0.9517,0.7824,-0.1057,7.097,4.904,6.957,13.63,-0.571,-4.014,9.001,0.731,12.454,-15.116,-10.103,2.015,0.8877,0.3305
1.1538,-1.2253,0.1129,2.608,-4.191,5.047,-15.854,-1.171,16.989,-12.292,1.171,9.887,-2.908,16.933,0.0157,-1.3517,0.4853
-1.3302,-1.5916,-0.3997,-7.37,12.29,15.917,-0.057,7.196,0.477,-4.393,-5.645,3.78,-7.785,9.447,-2.1978,-1.1562,-1.8694
-0.9169,0.1141,0.0357,1.88,-0.42,-3.599,1.134,-0.74,-0.992,0.294,-1.105,-0.906,-21.469,13.468,-1.0368,0.1288,-0.8322
-2.1333,0.807,1.932,-1.274,-1.181,10.412,3.861,2.87,11.838,9.216,5.98,3.967,-4.012,-5.349,-2.4489,0.5675,-0.7286
1.0835,-0.0093,-0.3343,-3.347,-9.518,-2.251,-14.01,-3.716,3.413,-0.135,-0.35,-0.874,-3.134,-5.677,1.3275,0.3392,0.062
-0.3505,-1.8119,1.6357,6.11,-1.998,0.432,-2.966,11.658,-7.483,1.086,-12.753,10.733,-15.693,-10.896,-1.6972,-2.2084,1.5118
-0.3732,-0.7675,-0.5625,-8.316,-15.852,2.447,3.387,1.175,5.505,1.75,-11.411,-14.618,-8.639,-1.098,-0.9975,-0.1051,-0.9136
2.3607,-0.3275,-1.1064,-7.123,4.943,6.562,-4.725,-1.718,9.551,-21.168,11.186,-2.659,6.096,-10.05,2.353,1.1714,-1.2094
0.0417,0.1274,-0.293,7.34,5.537,-6.018,-24.489,-3.99,-3.256,0.069,3.131,7.941,1.827,-13.366,0.1146,0.4399,-0.2924
-1.1019,-1.304,0.6601,2.092,13.656,-21.769,-8.593,17.504,1.555,1.007,-7.336,6.949,-6.311,1.789,-1.9492,-1.6501,-0.443
0.3108,0.2134,1.2595,11.136,-7.341,9.03,24.632,-8.968,8.981,2.412,0.94,3.77,-5.423,18.123,0.5456,-0.3007,1.5314
1.9369,1.2089,0.4265,6.49,-11.251,8.731,22.35,6.396,-0.058,-4.2,-13.052,0.133,-13.26,8.04,3.936,0.9021,0.5909
1.501,-0.0556,1.7384,6.609,12.004,-7.716,-6.858,0.493,-5.655,-5.991,-10.544,-7.209,5.123,-0.84,1.7351,-0.3971,2.3195
0.8817,-0.8536,0.6322,3.704,-7.865,-1.586,0.984,-0.899,-3.127,10.22,-5.624,-8.106,-3.676,-17.455,0.1432,-1.2148,1.1915
0.4255,-0.1562,1.587,-8.388,-1.001,-3.646,0.406,-4.493,11.057,-2.707,-10.139,3.891,2.833,-3.714,0.3834,-0.5523,2.0042
-1.1445,-0.2209,0.091,-2.941,-8.717,2.087,9.065,-0.275,7.321,-4.146,14.923,-1.946,-4.03,12.465,-1.4718,-0.3036,-1.0474
1.5632,0.9044,1.6501,1.835,7.332,-5.046,-3.154,4.797,-0.216,-7.577,16.294,-10.58,1.816,-2.476,3.0162,0.5506,2.1474
2.5347,-0.5389,0.1713,0.208,2.887,16.381,-7.177,-17.148,-8.282,-15.429,9.417,-13.589,-7.369,-3.845,2.2211,-0.6534,0.1065
0.1545,0.1378,-0.8407,-4.345,12.155,-1.634,10.701,15.374,9.371,6.128,-7.722,14.035,7.776,-6.952,0.3041,1.2253,-0.8606
0.0949,0.0824,1.1894,-5.149,-2.236,24.71,-3.09,6.261,12.441,2.49,2.942,-0.303,0.115,-2.643,0.1978,-0.3856,1.3253
0.8013,-0.9351,-0.2813,-5.912,-2.898,-5.836,-0.78,-0.88,4.568,-1.844,1.995,0.985,0.949,10.692,0.0068,-0.733,0.087
0.8559,0.945,-1.1551,4.562,-8.305,6.154,-2.227,-14.422,-2.567,-1.484,1.231,0.905,-9.468,4.676,2.0986,2.5055,-0.9151
-0.2584,1.0334,-0.8168,-6.386,-4.313,4.739,1.227,-3.383,2.086,3.872,9.862,-5.492,0.06,13.993,0.4292,2.0213,-1.1303
0.7391,-0.2088,0.8608,6.171,-3.313,-1.243,-4.59,2.957,2.316,3.919,-0.184,-6.216,5.787,11.842,0.6576,-0.7449,1.2501
-0.542,-1.4962,-0.5648,0.053,-3.982,0.338,-11.045,-1.035,-3.062,2.991,2.042,-5.563,-0.746,-9.128,-1.578,-0.8638,-1.0743
0.0605,-2.0857,1.4872,1.04,-0.01,-17.026,-10.512,-9.115,-2.042,-1.677,-0.026,0.483,-6.842,-16.828,-1.6638,-2.3758,1.7436
0.1838,0.6079,0.4407,10.709,-19.234,-6.674,1.576,5.501,14.968,-5.866,-5.571,-13.075,-2.852,-0.631,0.7358,0.3131,0.6636
0.4728,0.063,0.8095,-6.762,9.597,-5.977,-2.414,1.242,-4.672,-4.787,11.494,-4.247,-0.275,7.754,0.6487,-0.4355,1.1321
-0.1346,0.6377,-0.5706,2.515,-11.557,4.99,0.838,-7.473,-26.359,4.462,12.012,4.314,-4.752,18.469,0.3915,1.2789,-0.7886
-0.87,-1.0306,-0.2342,-0.973,3.158,4.724,-15.885,9.458,7.664,-2.785,-11.826,-21.304,6.159,-4.004,-1.599,-0.7941,-1.0812
1.6672,0.05,0.309,-0.58,11.849,-5.66,-6.673,-13.904,4.769,-10.03,-7.614,-8.486,-9.211,-5.404,2.0736,-0.1767,0.6063
0.7714,-0.5177,-1.3154,-2.1,-3.246,4.726,1.332,5.128,8.134,4.723,-0.153,1.408,-6.751,10.123,0.3963,1.3395,-1.129
0.8769,-0.0497,0.0314,-2.1,13.563,9.46,-4.494,8.797,-11.647,1.937,9.031,15.265,-0.995,-5.395,1.0217,-0.0138,0.4437
0.2262,-1.1461,0.3214,-1.485,-1.267,8.412,4.374,6.678,11.037,5.026,7.856,13.537,-4.664,10.512,-0.7294,-1.3362,0.4956
1.0525,0.764,-0.7975,-2.779,10.094,0.469,8.874,8.45,-4.297,2.216,-0.662,-4.136,-3.214,6.393,2.1678,1.7152,-0.492
-0.267,1.3755,-0.6151,-3.822,-11.903,-10.639,2.335,-3.319,1.246,-0.298,0.225,9.093,0.88,-6.331,0.6129,2.1207,-0.847
1.9055,-0.4507,-0.0107,-3.554,1.066,-11.515,-3.002,1.989,3.659,2.38,-1.234,-6.794,0.115,5.711,1.6698,-0.4145,0.2596
1.2604,0.7142,0.9461,2.9,-14.741,9.675,4.569,12.122,-7.526,3.485,-15.487,-2.948,-4.673,-3.053,2.3163,0.2045,1.4542
0.0547,1.6493,1.8065,-3.382,-2.27,-0.716,0.522,1.739,-1.795,7.379,9.762,7.919,-11.482,10.742,1.3662,1.2548,2.1002
-1.9503,-1.9969,1.6797,-8.845,0.012,-3.732,-2.999,3.742,0.183,-4.993,-0.677,-2.123,2.17,-27.113,-2.7804,-2.3969,-0.6576
0.9895,0.2248,-1.2041,-2.817,3.675,-1.412,12.829,1.154,18.139,-9.734,-11.86,-12.41,4.485,-5.058,1.4626,1.8238,-0.9298
-0.6038,0.8402,0.8699,-8.437,5.668,2.827,-6.74,-1.05,7.761,2.567,-17.515,-4.414,1.496,4.168,-0.2565,0.3336,0.4134
-1.9034,0.3395,0.3285,-3.262,6.43,5.246,0.181,7.867,-1.747,-6.684,-0.982,-4.533,-5.303,2.743,-2.2308,0.0097,-2.063
-0.9041,-1.2894,0.6594,3.739,12.015,13.541,4.311,-9.046,9.29,3.784,-8.96,-1.225,2.425,-2.278,-1.8351,-1.7512,-0.0656
0.1947,-0.8184,0.4498,-0.982,11.136,-7.486,3.168,3.945,-1.347,-9.195,2.688,4.625,2.881,-12.236,-0.4333,-1.216,0.6348
0.4719,-1.0222,0.236,2.04,-5.987,15.327,-0.813,-0.936,8.732,-1.341,2.149,6.505,-0.33,-1.327,-0.4168,-1.2767,0.5681
0.6304,0.5304,-0.0582,0.978,17.245,6.695,6.131,-0.034,-0.165,-0.025,-13.091,1.807,-2.909,1.697,1.3114,0.6252,0.1927
0.0208,-0.8872,1.05,-3.271,5.36,-10.929,-2.695,7.689,1.376,13.87,-2.694,1.344,-10.605,-4.809,-0.7187,-1.4089,1.1391
-0.7789,-0.091,0.3088,-15.26,-6.691,-1.733,12.185,-16.158,1.714,-2.921,2.781,-11.076,4.891,-1.468,-1.0411,-0.3013,-0.4134
-0.0205,0.6435,0.1475,1.278,-0.115,-1.093,-6.45,5.104,17.57,9.264,2.674,4.563,-18.274,-11.006,0.4246,0.5379,0.1382
-0.8917,-0.522,-0.3039,4.383,1.065,-7.533,-4.487,-4.794,-14.191,-0.755,2.38,2.932,-4.196,-8.119,-1.3058,-0.2224,-1.221
-0.8374,-2.3274,0.1907,6.759,-8.461,2.065,3.837,-7.444,-0.663,8.309,4.107,0.542,-16.18,-1.119,-2.3136,-2.5088,-0.5791
-1.3378,0.5735,-0.8917,1.148,1.732,1.122,-3.727,2.338,-11.914,-13.019,10.798,-7.742,9.35,1.885,-1.3616,1.7689,-2.5353
-0.3635,-1.072,-0.5804,3.013,1.286,-13.277,-5.999,5.595,6.882,-7.122,-9.838,3.216,8.634,-8.866,-1.1697,-0.3893,-0.9387
0.5678,-0.02,-1.0419,-6.419,8.648,-5.868,-1.711,-2.176,-0.643,7.755,9.38,8.915,-6.88,-1.628,0.6969,1.3573,-0.8737
-1.8614,-0.4473,-1.0338,5.26,-11.801,-17.116,10.052,-8.891,-2.143,-0.744,9.107,-16.451,-1.278,-1.436,-2.3485,0.9036,-3.5193
-1.3319,-1.0048,-1.894,0.532,-2.264,2.104,-18.463,0.133,6.778,-3.16,-9.002,1.675,14.199,-5.267,-2.0274,2.1731,-3.5531
-0.6633,-0.6755,0.5255,-0.227,-0.271,4.716,-0.301,-7.412,-1.445,-5.413,5.864,-11.878,-3.598,14.817,-1.2218,-1.068,0.0104
0.0537,-0.0047,-0.0013,7.627,0.108,-10.875,-18.071,-0.865,15.673,9.104,0.572,5.269,-10.441,-7.383,0.136,0.0322,0.0295
-0.6249,-0.2428,0.7318,3.372,-2.792,-2.776,-2.768,15.535,-4.631,-6.727,0.374,6.22,-3.434,-1.861,-0.8551,-0.7991,0.2149
-1.4342,3.284,0.0861,4.788,-5.213,3.477,-5.094,-5.835,22.56,-8.088,0.946,-0.697,-10.552,-4.762,-0.4659,3.2135,-1.5035
-0.9072,-1.3416,-1.004,6.31,7.592,2.396,1.824,3.281,8.336,-0.481,17.108,3.707,-10.542,-9.583,-1.7603,-0.0216,-1.9684
0.7576,-0.7586,-0.2492,-3.762,-9.963,0.802,7.369,-1.888,2.51,5.51,11.832,9.484,3.057,0.992,0.0339,-0.4709,0.2069
1.3871,-1.0943,0.3321,1.106,1.072,-13.761,7.344,9.7,-0.96,15.61,4.537,4.014,2.501,-1.5,0.275,-1.3614,0.7748
1.8164,1.1284,-0.8798,-2.5,10.898,13.66,-4.451,7.881,-11.804,-8.64,9.737,-3.934,11.381,6.218,3.725,2.2992,-0.6539
-0.2967,1.5339,-0.7644,-2.744,-12.162,-5.858,-3.659,-3.416,-6.537,7.191,4.113,-6.477,7.936,-4.669,0.6839,2.4689,-1.0099
1.2013,-0.5083,0.625,-6.383,-10.974,-0.987,7.651,1.421,13.861,-11.353,-11.566,9.746,-4.272,6.276,0.892,-0.8619,1.0997
-0.1383,1.3706,-1.5936,1.742,3.949,9.985,8.848,-5.216,3.22,1.881,2.716,2.657,1.428,-0.417,0.9466,3.8347,-1.8395
1.046,1.2445,-1.6843,1.184,9.383,14.022,-1.419,11.221,2.267,-9.345,10.416,5.747,0.62,-4.37,2.6516,3.8442,-1.3703
1.2068,0.5326,-1.0775,-3.114,-11.116,-12.933,-7.009,-11.011,-17.183,6.297,-18.588,11.635,-5.925,-9.032,2.0422,1.9645,-0.7455
0.2603,-1.6676,-0.3124,0.741,1.904,0.735,20.988,-7.219,-2.617,-2.436,2.74,-3.227,0.877,16.768,-1.1262,-1.3403,-0.1773
0.4848,-0.3418,-1.0847,6.708,2.749,-17.81,4.46,0.196,-8.506,4.43,-6.925,-5.744,-5.051,9.249,0.2567,1.0254,-0.8785
2.0631,0.2616,1.8738,-0.13,0.5,4.689,4.325,12.963,2.795,-6.687,1.435,-10.083,6.637,4.028,2.8375,0.0074,2.1697
-0.202,-0.4934,0.5838,-2.816,11.01,3.166,-5.048,-4.555,0.682,-4.546,4.281,0.805,7.769,-7.515,-0.609,-0.8815,0.5061
0.0833,0.7931,0.9253,4.211,5.671,6.812,-2.927,2.358,4.185,-11.2,16.175,-6.319,4.907,12.438,0.7414,0.2387,1.0949
-1.8519,0.055,-0.6125,6.371,1.352,-10.215,-4.453,6.542,13.364,-14.959,-13.149,19.094,-4.57,-15.723,-2.2182,0.684,-3.0101
-1.435,0.8567,-0.1933,1.737,-5.715,0.444,3.083,17.714,-3.477,-7.677,4.721,15.874,18.851,-3.81,-1.4026,1.0893,-1.8651
-1.1274,-0.9817,-1.1351,-4.72,4.374,3.615,-8.755,9.135,-3.809,-12.404,20.113,-2.292,7.771,-13.547,-1.7666,0.4787,-2.3282
-0.7005,-1.4786,1.6094,-8.6,16.47,2.504,-3.807,-1.115,1.554,-4.876,11.844,12.298,-14.11,-2.565,-1.6796,-1.8517,1.1299
-0.4248,-0.8726,-0.1431,3.002,0.729,-7.768,-10.65,7.954,-12.886,-21.196,-7.293,11.348,-3.549,-6.862,-1.0984,-0.7996,-0.5196
0.9315,-0.2671,-0.1104,2.784,19.301,-5.16,-6.523,14.023,16.352,10.335,-11.852,3.4,-2.925,-10.119,0.8386,-0.0393,0.2727
0.1658,-0.0328,0.2809,9.86,-4.746,4.114,2.679,-1.879,-1.961,-3.523,-4.118,8.472,4.681,-8.027,0.125,-0.3014,0.4528
0.7674,-0.4958,0.8716,-5.736,-18.365,11.701,-12.335,5.692,-17.897,1.464,10.133,-3.567,-15.73,-1.257,0.4247,-0.9645,1.3116
0.3842,-1.812,1.7795,3.832,3.021,6.019,8.164,-11.465,10.517,-0.735,12.029,-6.646,-1.386,4.439,-1.1679,-2.1987,2.2027
1.0954,-0.9301,0.2413,-3.077,2.353,7.223,-8.883,2.492,5.341,-4.961,-1.659,5.263,-5.016,-6.46,0.2198,-1.1212,0.6048
2.1594,0.0435,0.2188,-1.2,-16.329,0.458,2.877,-17.565,-7.997,1.643,-5.329,-10.385,8.078,-10.885,2.6711,-0.1819,0.3163
-0.6553,-0.9762,0.1038,2.908,-7.245,10.744,6.173,-0.481,-1.831,3.434,-7.669,5.533,8.572,2.514,-1.3437,-1.0534,-0.4674
-1.5796,0.391,0.3974,5.655,-13.651,-0.092,11.778,-3.514,-6.474,0.203,5.783,-0.192,3.855,-5.617,-1.8365,0.1081,-1.4512
0.198,0.1444,1.1225,4.137,-13.316,2.315,-10.234,13.779,-17.561,16.857,1.192,-10.54,10.313,1.937,0.3609,-0.4606,1.3045
-0.3343,1.51,-0.0267,-7.114,0.484,10.973,-0.113,4.519,4.595,9.015,4.27,11.317,-12.254,-7.153,0.6624,1.5975,-0.3323
-1.5025,2.2151,-3.3391,3.068,8.823,5.798,-2.865,6.337,-12.452,-8.6,-7.885,10.635,-3.173,2.668,-1.0234,9.6443,-5.354
-1.7467,0.0111,0.7428,0.071,-0.75,-13.554,8.82,-1.237,-5.278,6.367,1.256,-4.252,8.086,4.268,-2.1275,-0.5779,-1.36
-0.6318,0.884,0.6134,0.388,-0.392,-5.049,-3.212,8.161,6.55,5.951,-7.781,-11.448,1.158,-12.02,-0.2884,0.5368,0.0579
-0.9371,0.4911,0.7202,-0.793,8.768,-0.629,-0.897,-4.972,23.299,-0.985,-0.14,-0.857,1.186,-12.483,-0.8637,0.0803,-0.143
-0.1964,-0.8441,0.2506,-2.762,-1.402,2.131,-4.541,5.247,-6.336,-2.388,4.405,-17.646,7.767,17.826,-0.8432,-1.0765,0.1185
0.376,-1.3406,-0.6515,5.214,13.178,1.133,0.239,-3.653,6.172,9.32,-16.648,6.938,-0.265,-4.436,-0.7753,-0.5812,-0.4932
0.1905,2.2452,-0.031,5.34,4.83,-0.707,9.02,0.335,-1.333,2.944,-15.963,-7.261,-10.596,12.847,2.1266,2.3379,0.0582
0.3151,0.2383,-1.7431,3.664,4.864,-1.025,0.425,6.881,1.314,3.54,-8.652,8.765,-4.923,14.067,0.6019,3.0087,-1.7943
-1.1632,0.4404,1.6859,1.349,4.268,-16.335,3.565,-0.41,-14.975,1.652,-1.907,-2.038,14.757,12.859,-1.1142,0.0474,0.5818
1.1442,0.0448,0.7343,8.394,11.638,5.663,4.684,-5.77,19.163,-4.975,12.696,-6.49,0.659,-0.709,1.407,-0.3706,1.1963
-0.9279,0.28,0.8627,5.765,-13.544,3.409,17.738,-5.486,1.404,6.546,12.395,-3.791,-5.577,-2.384,-0.9247,-0.1601,-0.0123
-1.1879,-2.0744,0.8486,1.189,-9.689,-8.149,1.237,-11.147,-5.106,6.528,1.165,1.503,4.734,1.855,-2.3263,-2.556,-0.3289
1.1859,1.9273,-0.0752,1.081,-0.005,-13.083,7.921,-14.664,6.682,2.729,9.82,-8.778,7.65,1.6,3.728,1.9679,0.3089
1.5942,0.9753,-0.1668,4.795,-9.198,0.882,-8.032,5.244,-4.277,22.573,8.804,-7.993,-15,-1.176,3.2044,1.0891,0.1969
-0.7414,1.7189,-1.8883,-0.714,3.22,-0.782,6.761,7.573,14.417,-2.176,0.235,3.005,-3.939,-2.551,0.1305,4.8516,-2.7731
-0.7918,-1.571,0.6616,8.385,12.634,-14.362,-1.659,-3.762,15.281,-1.45,12.103,8.844,13.819,-6.789,-1.8608,-1.9871,-0.0078
-1.0074,1.0854,-0.7246,-10.767,2.747,-6.282,3.134,-1.953,4.013,-3.748,-1.505,-4.604,-4.179,6.548,-0.6909,1.9757,-1.7991
-0.1542,-0.0626,-0.6038,6.44,-4.5,-10.239,2.294,4.482,4.106,0.99,2.077,-11.471,4.79,-5.121,-0.231,0.6448,-0.7831
-0.8623,0.489,-0.5143,8.79,1.821,-3.524,7.213,11.116,1.675,-3.389,5.388,-0.839,-0.507,0.609,-0.7747,1.0359,-1.4261
0.449,-0.895,0.7159,-2.991,-9.454,2.456,-0.86,-10.978,-5.395,-15.322,4.653,0.118,-2.373,2.411,-0.2885,-1.3162,1.0596
-0.1743,-0.0106,0.6578,-1.628,8.959,0.022,0.837,3.661,17.037,0.886,-4.293,4.067,0.922,-1.761,-0.2104,-0.3915,0.589
-0.5468,0.6818,0.3999,-3.16,-14.473,-9.045,2.945,-12.391,-4.223,-2.834,5.191,6.128,-2.919,2.049,-0.2316,0.4029,-0.0255
0.1135,0.184,-1.4271,6.057,-8.363,-5.16,-2.912,-3.07,3.65,-6.836,-5.963,9.552,2.433,-0.997,0.2865,2.3403,-1.4365
0.457,1.1128,-1.3787,-6.901,18.627,-4.33,-1.754,11.511,6.065,-1.671,-18.376,-3.591,4.937,-12.283,1.5553,3.0796,-1.2279
1.7176,-1.4597,-1.0903,2.791,8.909,6.757,-2.89,-14.247,6.96,-6.86,0.535,-14.445,-8.112,2.324,0.0842,-0.0646,-0.895
0.6028,-0.1031,0.0357,-11.031,8.097,-6,2.437,-14.777,-4.759,17.434,-9.514,-1.254,-12.61,-6.219,0.6086,-0.0859,0.4179
0.3222,-0.8781,1.0797,8.81,1.704,2.989,-24.349,-6.624,-11.095,-3.66,-6.003,-8.257,-3.465,13.976,-0.3369,-1.3542,1.4024
1.3378,0.1967,-0.5888,-2.107,-2.279,-5.191,4.381,-1.565,-14.715,-11.172,-14.862,9.541,-8.89,4.555,1.8373,0.8733,-0.2999
-0.252,-0.9686,0.4543,2.236,16.022,-3.029,5.465,4.411,-2.552,-3.106,-17.161,10.379,-0.232,5.196,-1.0652,-1.278,0.3156
0.5243,2.3716,1.0387,-11.097,-4.489,-0.895,-2.798,-5.987,-12.715,-8.363,6.733,-13.834,-5.702,-0.971,2.9243,1.8493,1.4809
-0.3554,1.0522,0.4185,0.206,-10.384,-3.235,5.864,-0.636,9.267,3.884,15.455,-8.326,-6.473,-2.397,0.2676,0.7416,0.1122
-0.7027,0.4975,0.9203,5.629,1.355,-3.699,6.492,4.212,4.934,5.805,-11.805,18.174,-4.583,-7.075,-0.5457,0.0019,0.4584
0.7884,0.8621,-0.4504,-0.456,9.822,-9.816,0.337,4.622,3.779,-11.825,-6.714,6.195,-10.639,3.29,1.8898,1.3563,-0.1623
2.3893,0.3465,0.3696,-7.999,14.679,8.894,13.346,3.652,4.782,-14.042,1.834,2.668,2.518,-7.236,3.4032,0.1036,0.3869
0.759,0.5145,2.0386,0.945,3.652,7.388,0.648,-2.199,-5.692,-6.548,8.725,1.146,-12.517,9.556,1.4615,0.3518,2.5988
0.7405,0.3652,0.7392,2.191,-14.801,-2.036,0.493,3.027,6.1,3.768,-15.851,-3.653,-6.676,18.641,1.2216,-0.074,1.1778
0.3021,0.1956,1.8437,-1.33,4.165,-8.713,2.456,-11.822,-7.722,1.9,-4.77,-5.475,6.974,7.119,0.5636,-0.0898,2.1908
-0.0199,-0.648,0.3596,-1.943,7.712,-0.198,-2.529,0.007,-19.556,2.164,12.059,-3.004,-4.924,-4.674,-0.5227,-0.8604,0.3176
-0.2005,0.4564,-0.3146,2.587,3.038,-6.823,8.082,2.062,2.664,0.764,-8.214,10.619,5.53,7.639,0.1171,0.7692,-0.4803
1.2403,0.0714,-0.1768,1.556,12.796,13.414,6.802,-2.359,9.359,-5.965,-0.951,-0.951,-5.631,3.706,1.5594,0.3007,0.144
0.25,0.9466,-0.0008,7.166,-10.447,1.963,16.745,7.291,0.724,-3.688,13.14,-1.507,-3.748,-5.895,1.0574,0.9467,0.1774
-0.5493,0.8868,0.5192,0.258,0.308,-20.312,-3.564,8.947,8.141,2.933,7.005,-7.187,0.686,0.844,-0.139,0.5986,0.1044
0.6046,-1.6008,0.5495,5.701,-9.922,10.948,2.965,-2.417,-22.198,7.895,-8.36,0.243,-3.533,6.767,-0.8388,-2.0101,0.8993
-0.9335,-1.5863,-0.0908,3.374,0.382,8.086,6.494,-4.306,-13.354,16.076,4.714,-7.379,11.205,-1.828,-1.9302,-1.4474,-0.9975
-1.2026,-0.5765,1.3104,-3.623,9.062,-12.001,-8.282,5.258,9.275,-9.177,-2.544,7.708,2.982,-1.74,-1.7281,-1.127,0.1772
0.3969,-0.3595,-2.1689,-4.878,-0.624,8.387,7.891,-10.209,-3.749,5.698,8.602,-3.122,-3.485,-3.109,0.1143,3.4987,-2.1176
0.532,0.9005,-0.1143,1.338,9.147,6.722,-0.652,-0.48,-5.176,7.388,7.338,4.895,3.914,12.348,1.4739,0.9399,0.2045
0.018,-1.4424,0.5829,4.392,-3.304,-4.441,2.043,-3.109,-2.516,-10.928,10.362,-0.186,12.936,-0.304,-1.1589,-1.9054,0.6981
2.4737,-0.0857,0.5933,1.646,-4.854,3.22,0.399,10.86,-6.45,11.769,-0.671,10.423,6.303,-7.816,2.8487,-0.4455,0.5578
0.9445,0.4215,0.048,2.069,-5.448,3.764,8.729,-7.157,-4.333,7.909,-5.121,-8.853,7.023,-7.15,1.6579,0.309,0.4676
0.365,0.721,1.652,-4.539,-0.293,-10.124,17.061,1.93,-1.027,-15.936,-8.9,3.249,-0.281,-8.964,1.0652,0.3602,2.0432
0.8504,-0.057,-0.9354,-0.858,4.308,0.585,4.685,4.465,3.823,-4.569,-8.552,9.245,26.309,-5.545,0.9974,1.1503,-0.704
-0.5949,-1.1221,-0.8489,6.925,2.14,0.456,8.849,-4.637,-10.244,-0.611,-4.25,-0.543,-11.031,5.511,-1.4008,0.0066,-1.4491
0.6599,-0.3352,-0.6373,4.159,11.569,3.233,-1.292,-0.813,-0.428,1.232,4.837,-5.003,6.955,18.208,0.5139,0.3762,-0.4101
-0.7525,0.2272,-0.2967,0.282,-2.581,1.71,5.112,3.591,-2.434,6.053,9.141,9.495,1.582,2.153,-0.8539,0.4914,-0.9852
-1.7461,-0.3249,-0.334,3.896,-12.824,3.743,1.834,1.602,5.983,-4.881,-4.602,1.649,-6.907,1.887,-2.1389,-0.0228,-2.4636
-1.175,-0.4076,-1.0981,-7.326,21.019,-11.197,21.085,-8.321,-9.839,-2.276,-21.8,-10.347,-6.618,8.416,-1.5976,1.1281,-2.4574
0.3621,-0.2468,-0.8466,-4.729,10.012,4.073,-12.199,-0.749,12.924,-13.931,6.032,8.006,-17.576,6.719,0.2274,0.7818,-0.7996
0.6118,-0.0346,1.674,-2.29,-5.469,-9.67,10.233,-0.813,-15.035,-15.367,-3.215,-0.703,-1.322,0.786,0.654,-0.4171,2.1708
0.3371,0.9825,-1.2772,3.616,-0.023,2.561,3.238,6.559,-6.068,2.411,1.347,1.203,-4.021,-12.353,1.3195,2.8564,-1.2201
0.3059,0.3396,0.9145,-2.15,10.842,6.153,-10.154,-5.547,1.257,2.225,8.441,-5.272,-3.201,-1.127,0.6319,-0.1445,1.2646
0.0502,-0.1393,0.5886,-2.449,-0.801,2.185,0.485,-10.044,-16.46,7.235,2.647,-2.843,-7.845,1.502,-0.049,-0.508,0.7064
-1.229,-0.4283,-1.2261,-6.049,-7.562,-6.442,-12.511,6.263,2.953,2.168,-15.762,-8.274,13.191,-9.78,-1.7141,1.2892,-2.63
-0.7545,0.3402,-1.6445,3.407,3.215,3.621,9.025,3.202,-10.875,3.722,-8.518,2.401,-12.935,-11.514,-0.7295,2.8527,-2.4941
-0.4209,-0.4471,0.3654,-1.707,-0.397,-2.005,8.177,5.018,1.121,-2.108,-7.889,0.299,-10.68,-4.97,-0.7526,-0.6911,0.0722
-0.9359,1.469,-1.4041,0.138,4.565,4.39,0.486,15.14,-5.517,-0.525,12.576,-2.723,6.05,-11.913,-0.3825,3.4888,-2.529
0.412,-1.6924,-1.1561,3.919,13.769,-12.029,0.531,1.04,3.803,3.182,0.1,-7.829,-18.463,-7.239,-1.05,-0.0848,-1.0226
-1.6072,2.1773,0.7921,10.339,1.239,-5.596,13.67,-2.903,-14.748,6.054,11.372,-8.822,-4.772,6.459,-1.3358,1.7191,-0.958
0.3743,0.4887,0.7598,-1.637,-8.364,5.153,12.919,12.894,9.449,-1.517,-1.542,-2.269,4.673,-10.272,0.8513,0.0215,1.0482
-1.1391,1.05,0.4449,-2.434,3.336,-5.671,-5.741,5.68,10.048,12.775,-7.423,-11.456,0.089,5.332,-0.9217,0.7002,-0.7082
-0.951,0.7205,-0.4548,3.177,-0.804,8.187,14.92,2.328,3.461,-2.542,-8.006,4.094,-1.396,11.074,-0.8061,1.2604,-1.4177
0.2973,0.0688,-0.1438,1.581,-1.502,-4.672,-11.873,16.446,-1.718,0.341,8.086,0.766,9.539,3.346,0.4629,0.2659,0.0463
0.0899,-1.5617,0.256,9.593,-1.765,-11.024,-1.679,-7.488,3.129,12.187,6.083,-12.079,-5.895,-5.548,-1.2154,-1.8027,0.3596
-1.2474,-2.6976,0.6322,6.824,1.345,4.186,-18.211,-10.919,-0.962,-9.682,15.496,-1.233,-5.089,-2.769,-2.6896,-3.0956,-0.6645
2.1804,-1.6203,0.9017,4.734,6.391,2.814,8.62,2.308,2.479,-8.719,4.778,-2.224,1.585,-4.535,0.3804,-2.0963,1.0974
-0.2592,-0.431,-1.9183,3.058,8.925,7.915,8.434,6.414,0.75,0.279,2.278,-2.008,-11.111,-8.65,-0.6705,2.7161,-2.2834
-0.0822,-0.0589,-0.2924,3.505,-0.212,-3.468,14.513,2.075,-3.76,1.756,-2.225,4.415,-4.226,14.069,-0.1655,0.2588,-0.4093
0.0691,0.052,0.6233,5.649,-7.547,3.638,-4.559,-2.048,3.581,4.122,2.79,0.656,2.467,0.974,0.1458,-0.3366,0.7521
-0.7388,0.2044,0.5729,2.058,4.65,-6.483,-8.003,-2.416,3.055,-16.351,-8.309,5.992,-6.253,-0.248,-0.796,-0.2055,-0.091
-0.3494,0.336,-1.3734,3.046,-14.465,13.37,-2.897,-1.18,8.327,0.643,9.243,11.394,-1.719,-5.787,-0.2546,2.2852,-1.7609
-1.0576,0.7228,0.0209,-4.262,-5.253,-8.644,10.203,3.509,16.209,8.653,-2.861,-8.168,-9.385,-4.422,-0.9001,0.7152,-1.0746
2.2283,1.8983,0.0133,3.811,-13.365,14.551,10.615,1.374,-4.8,-0.4,5.133,0.024,-3.744,-12.093,5.4493,1.8856,0.0741
0.9129,-0.7533,1.3279,5.497,-10.32,2.592,15.325,2.371,0.682,-7.27,4.964,0.166,14.413,-3.905,0.2524,-1.2497,1.8784
-0.5322,1.8037,1.2857,0.496,7.266,14.158,-3.652,-3.674,-5.778,-9.968,-2.166,9.326,6.014,-6.486,0.5379,1.3319,0.9233
2.352,0.3351,-0.404,2.849,-8.821,-6.955,-16.116,-6.074,7.756,12.08,4.489,1.401,11.964,-5.857,3.3287,0.7554,-0.4674
-1.3326,0.0629,-0.6562,0.77,-0.251,0.277,-5.943,-6.664,0.752,4.5,1.593,-9.87,-0.606,15.04,-1.516,0.7985,-2.1487
1.1366,0.2845,2.6336,-9.223,8.102,-1.549,0.64,-7.326,3.926,-0.832,-12.705,6.682,-7.525,10.056,1.6777,0.7002,3.28
1.0781,0.8469,-0.0739,0.605,-5.218,11.012,-1.312,8.242,2.035,-7.757,8.168,2.537,1.294,-4.919,2.2567,0.9649,0.3188
-0.9562,-1.3573,1.4254,0.784,-4.754,13.953,-0.165,-3.652,-1.236,6.257,-10.803,16.093,-4.265,10.455,-1.7989,-1.8692,0.5657
0.4106,0.5147,-0.547,-3.749,21.503,9.131,-11.415,-4.024,9.014,0.125,21.836,3.208,-0.728,-5.77,1.0118,1.1272,-0.4003
3.2118,-0.5207,0.2434,5.117,-5.298,-19.055,-10.888,9.818,-0.358,8.078,-11.768,2.617,-10.14,-1.42,2.8838,-0.6951,-0.6009
-1.4668,0.2554,0.7974,1.073,-0.79,6.212,7.027,11.228,0.665,-6.668,-4.863,-5.734,9.599,-7.465,-1.6244,-0.2412,-0.7867
-0.366,0.7881,0.008,4.942,-6.046,-6.346,-1.012,-1.261,0.722,-5.147,-2.32,-10.556,5.445,-14.58,0.1112,0.7781,-0.2498
-0.422,0.7401,-0.2104,0.595,4.742,9.027,3.66,9.465,-2.283,-6.469,-3.72,-7.208,7.591,9.009,-0.0167,0.9916,-0.6198
0.0007,-0.7644,1.5369,0.661,1.513,-2.904,1.063,7.179,0.285,-0.479,2.263,9.829,6.151,1.155,-0.6161,-1.2466,1.6767
0.5918,1.5555,-1.0266,-8.293,6.932,5.657,13.991,17.806,12.613,-3.653,1.019,-1.938,-12.596,7.83,2.2141,2.911,-0.8088
-0.7211,-0.9254,-1.6131,-6.697,2.038,-5.944,-4.481,-13.574,-22.815,10.872,-5.381,3.226,-8.063,-4.068,-1.4435,1.5056,-2.4483
-0.0362,-1.8022,1.8715,-2.206,9.422,4.421,9.392,-17.377,-7.92,-0.312,-2.435,2.493,5.983,-2.135,-1.4851,-2.1447,2.0197
-0.0137,-1.7225,-0.6227,-2.041,5.831,-0.249,18.274,2.241,3.319,8.756,3.058,-4.952,-4.773,-4.052,-1.3179,-0.9958,-0.711
0.0405,-0.2285,0.7098,-3.455,-8.397,3.339,-1.268,-0.071,1.736,7.793,1.769,6.536,12.393,1.041,-0.1361,-0.6446,0.8074
-2.1351,-1.1345,-0.4136,-0.587,0.109,9.446,4.408,13.275,0.312,0.122,10.516,1.483,-6.916,5.117,-2.75,-0.6764,-3.2872
-0.6677,-0.4057,-0.4703,0.396,6.872,3.187,-3.662,2.123,8.206,-9.775,-9.795,-9.704,-1.5,-14.438,-1.0493,0.0755,-1.1049
1.0868,0.6699,0.1112,3.543,-3.252,-13.927,-10.063,3.248,-9.807,-3.181,3.208,13.018,-7.963,6.446,2.0572,0.5375,0.5954
-0.9274,0.078,-0.1082,-5.781,-6.646,-5.92,8.674,-12.583,-4.172,0.445,17.604,3.191,12.555,10.719,-1.1003,0.2517,-1.0335
-0.6651,2.2364,0.4641,2.392,-6.378,7.458,-9.329,-5.264,-13.2,-2.525,-8.074,-4.345,-5.369,8.967,0.5315,1.8731,-0.0173
2.6948,1.3368,-0.4424,-3.895,12.776,-14.609,-6.038,10.624,8.433,12.799,-2.55,1.732,-2.21,-5.016,5.3621,1.8016,-0.75
-0.541,-0.2335,-1.3804,2.832,-9.889,2.136,-9.221,0.962,-1.184,8.462,0.884,-10.872,-22.99,-7.944,-0.7547,1.74,-2.031
-0.2855,-0.3557,-1.8068,-0.262,-10.175,-21.083,-15.166,9.807,7.263,2.894,-8.578,0.684,16.18,-14.815,-0.5819,2.6831,-2.2804
0.24,-1.1015,0.6743,-6.817,-13.039,0.368,1.988,3.718,6.634,-5.397,-1.076,-12.923,-0.239,-12.598,-0.6674,-1.5692,0.911
1.0997,0.6235,-1.4169,0.795,-6.306,-7.61,-3.466,-9.12,-0.772,0.151,4.108,-0.242,8.429,1.626,1.9789,2.6833,-1.1675
-1.095,-0.3016,1.6479,0.518,-3.328,-4.933,-9.373,-8.262,0.192,1.022,8.364,-2.794,-5.392,-12.87,-1.45,-0.719,0.7441
0.2247,0.8232,-0.2054,6.634,5.906,13.61,4.308,1.112,-8.229,-1.574,-1.984,-12.253,11.725,-8.92,1.0045,1.0147,-0.0212
-0.8128,-1.9353,-0.1143,0.282,13.17,2.353,1.466,-4.906,-16.535,-6.242,1.64,9.014,-1.447,1.695,-2.059,-1.8801,-0.8865
0.0462,-0.1237,0.5394,1.307,-11.135,-3.85,-1.914,4.644,-5.949,13.165,9.27,-1.838,-14.246,11.271,-0.0287,-0.5064,0.6963
-1.2272,-1.4951,-0.8616,-4.44,13.683,-1.5,-7.774,2.911,7.071,2.842,12.437,9.683,-9.751,1.336,-2.2091,-0.4072,-2.2441
-0.8845,-0.6556,-0.9206,-3.307,0.274,6.628,4.882,5.614,2.972,15.319,1.273,-3.132,1.634,-1.445,-1.3358,0.4829,-1.9061
-1.4904,-1.5423,-1.7041,-5.214,-5.421,-8.468,8.009,13.8,-1.668,10.769,9.908,-7.427,-2.13,2.532,-2.3039,1.1122,-3.5989
1.2366,-1.0473,0.5441,4.866,-10.707,-6.393,0.927,9.233,5.576,14.412,11.506,8.956,10.994,-13.751,0.2986,-1.3812,0.9887
-0.1462,0.38,0.4475,-7.228,6.086,10.699,-1.438,2.232,11.812,11.715,5.183,0.798,-7.108,-2.206,0.1562,0.0299,0.4676
-0.6023,2.1627,-1.259,-10.893,2.118,1.323,-5.561,-11.219,-0.089,1.133,11.601,6.667,17.843,-1.909,0.5932,3.945,-1.8545
0.069,-1.0581,-1.2166,-1.414,-11.84,6.395,2.108,-2.662,-3.323,7.569,-7.328,-3.589,-6.995,0.537,-0.8258,0.5948,-1.2236
0.6537,-1.5068,-0.8184,-5.556,-6.004,0.18,1.032,-10.185,-0.493,-11.368,7.694,-3.809,-11.173,5.998,-0.6842,-0.4433,-0.5138
-1.9484,0.5888,1.2195,-1.225,-2.091,-1.668,-3.536,8.954,13.829,1.683,-1.441,-1.094,-7.395,-3.18,-2.2328,0.1192,-1.1951
-0.0731,1.0739,-1.1702,-2.433,-3.854,10.08,-3.402,3.614,5.926,3.372,-1.718,-4.507,-5.416,-8.641,0.7149,2.6464,-1.3014
0.6788,0.9513,-0.6845,5.717,-6.284,6.132,-4.524,19.788,-4.636,-13.117,-4.559,3.779,7.171,0.132,1.7467,1.7216,-0.4749
-2.1493,0.0443,-0.0357,-7.971,0.622,14.971,2.832,-8.386,3.015,-7.628,1.867,-0.029,-2.974,2.55,-2.5587,-0.022,-2.9332
-1.3173,-0.4906,0.0712,0.292,-7.948,2.924,-1.821,-10.469,1.065,13.841,-1.18,20.342,-8.615,8.648,-1.8276,-0.534,-1.397
0.737,-0.5846,-1.3657,-1.752,1.791,9.417,7.391,3.552,-0.945,0.815,-3.235,1.487,3.164,4.263,0.2877,1.4066,-1.1345
0.2181,0.298,-0.288,-5.713,-12.758,5.391,-2.758,3.256,9.617,8.028,7.02,1.868,3.596,11.639,0.5648,0.63,-0.1534
0.588,-0.9652,0.8593,0.63,4.999,3.1,8.364,-0.023,-14.361,-3.119,-7.708,-4.456,0.392,-2.059,-0.2969,-1.3549,1.2415
-0.2866,-1.1786,0.6084,-5.103,-2.45,0.336,1.216,4.083,5.166,-5.712,-3.955,0.487,-0.501,0.713,-1.1687,-1.5301,0.4379
0.0293,-0.3838,0.1838,-2.772,-1.205,17.283,3.075,-12.39,0.319,-1.828,-12.677,-8.513,0.001,1.954,-0.298,-0.5627,0.1546
-0.7458,-0.1168,0.7927,0.467,3.646,-6.975,-7.41,-10.468,-9.212,-5.003,-1.863,0.68,-13.153,11.622,-1.0102,-0.5473,0.2276
-2.1134,0.8594,-0.8116,-4.633,-5.103,13.605,5.232,1.166,-3.768,-6.8,-2.379,-6.124,4.145,-0.218,-2.4335,1.851,-3.6918
0.2417,-1.1266,0.912,-4.723,-1.811,0.893,3.159,2.796,0.254,7.02,22.92,-4.04,-1.494,-3.942,-0.6565,-1.6423,1.1244
-1.2989,1.2674,0.2023,-11.51,-6.676,-3.707,-8.48,-16.1,3.12,9.631,5.205,7.977,5.296,-4.287,-1.0647,1.0297,-1.1888
-2.0269,1.3343,0.275,-6.206,1.261,-5.544,11.701,8.866,15.767,5.7,-5.527,6.42,-10.568,-3.725,-2.1148,1.1296,-2.3543
0.7119,0.313,-0.7655,3.932,-1.76,-7.447,7.655,11.313,-7.422,-6.829,7.373,1.025,-4.719,20.637,1.2015,1.227,-0.543
-1.4336,-0.4386,-0.5398,-4.672,-4.245,9.07,5.446,-4.68,-11.567,19.724,1.991,13.924,-3.548,8.121,-1.8506,0.1464,-2.2345
0.8834,-0.1266,1.2083,2.155,-0.373,-7.178,-0.931,7.436,-0.594,-0.164,-2.025,2.27,-8.774,-5.869,0.9154,-0.5891,1.6868
1.9212,-0.5824,-0.1135,6.023,-6.252,-1.57,-8.616,8.215,-2.965,-4.787,-2.271,5.174,2.612,6.806,1.4923,-0.5446,0.1604
-0.7357,-0.2857,1.4067,2.947,1.437,-14.919,2.374,-9.391,0.867,5.761,18.543,13.474,0.237,14.519,-1.0085,-0.7127,0.8859
-0.1234,0.9071,-1.1618,6.451,-3.664,-6.378,0.143,-0.638,10.955,-2.104,-7.407,-4.248,-2.934,15.793,0.5313,2.4994,-1.3362
-1.3141,-1.2054,-3.1415,-9.296,-7.129,4.456,16.904,-10.263,-11.162,-1.733,-14.612,7.287,16.665,4.088,-2.0886,5.6035,-4.9422
-1.1667,-1.1526,-0.7595,-8.131,2.858,-1.85,-10.686,2.395,0.135,6.816,-2.608,1.413,0.523,8.235,-1.9678,-0.2387,-2.1093
0.301,-1.3188,-0.8167,2.407,-2.914,1.504,3.758,-9.065,-7.531,-16.799,11.909,-6.061,-4.514,15.653,-0.852,-0.3211,-0.6611
-0.0055,0.3275,-0.2876,-6.391,4.009,7.331,8.528,8.933,-11.953,5.914,-6.425,15.808,11.202,2.209,0.2282,0.6572,-0.2859
0.0388,0.3692,-1.6128,-1.944,2.777,11.978,-4.868,-12.075,-6.507,-4.264,10.47,-11.269,-1.969,-4.544,0.3968,2.7785,-1.7358
0.3498,-1.1672,0.3797,-0.683,-21.347,-18.072,-4.211,4.022,-9.713,-2.926,6.372,8.115,-14.244,2.33,-0.6237,-1.4069,0.6014
0.5565,1.3027,-0.2814,4.508,2.599,-3.152,11.681,5.348,-9.298,1.683,5.195,8.838,-18.406,0.5,1.9518,1.5914,-0.0264
-0.4408,0.8646,-1.0215,-3.604,2.676,-6.784,19.019,6.058,1.061,-10.209,1.004,-15.577,-4.849,5.21,0.0977,2.2175,-1.5098
-0.4599,-0.4583,-0.8545,-4.871,-9.508,-6.992,-1.046,1.258,-2.791,-3.021,-1.469,3.544,-6.166,-2.296,-0.8644,0.6252,-1.2371
1.8098,0.2798,0.4915,0.006,8.949,8.475,-12.081,3.756,1.502,0.844,-11.552,-7.44,7.514,-20.895,2.5247,-0.0291,0.8846
0.8171,-0.7004,-0.63,-3.525,9.951,4.729,6.738,12.77,14.012,-6.868,0.25,1.355,14.461,0.757,0.247,0.0234,-0.3666
-0.0727,-1.406,-0.4378,-0.998,-5.138,-6.101,6.381,-0.384,-16.315,8.926,-8.546,-0.541,1.081,13.096,-1.222,-0.9262,-0.5559
-0.4207,-1.9792,-0.2792,0.369,-6.367,6.252,1.185,-17.366,4.983,2.773,6.706,-5.161,1.754,-2.232,-1.8334,-1.6688,-0.6735
-0.3959,-0.7059,-1.0233,1.573,-0.653,5.574,0.352,-2.439,-1.863,12.072,2.532,-6.047,11.79,6.245,-0.9992,0.591,-1.4891
0.5221,0.0152,-0.7656,1.697,13.383,-7.981,5.128,-2.667,11.921,-12.052,3.571,12.332,1.147,4.139,0.6306,0.9495,-0.5715
-0.009,0.2955,-1.1245,-3.587,0.068,1.15,10.653,1.008,2.228,-11.684,-3.023,-0.498,-4.954,-7.848,0.2037,1.8806,-1.1768
1.3057,1.3098,0.2112,-5.86,-5.691,16.021,3.423,3.52,-5.634,10.362,-12.466,4.373,5.153,-11.575,3.1699,1.1585,0.6743
-1.1922,0.9349,0.2673,3.839,-17.304,-4.874,1.599,6.59,1.941,-11.296,-0.667,2.743,2.964,-3.226,-0.9355,0.7828,-0.9656
0.2108,0.0228,0.1214,1.232,-1.082,-1.093,7.765,6.549,6.375,-9.093,-21.665,-6.25,5.816,-1.586,0.2039,-0.0902,0.3308
0.434,-0.2281,0.6226,-0.738,-0.832,4.981,2.584,-4.211,2.933,-5.502,5.792,2.134,-0.814,4.643,0.2758,-0.6739,0.896
-0.3775,1.1773,1.6736,2.072,-10.087,2.203,-14.164,-4.116,13.423,-7.913,-6.787,7.545,-0.989,-8.505,0.4065,0.7666,1.5493
0.2346,-0.3566,0.2077,-4.062,3.554,6.775,-6.693,-5.895,1.174,-21.892,5.595,8.077,15.206,14.654,0.0513,-0.5043,0.3689
0.8605,-0.6334,0.3637,-0.857,12.58,-7.906,2.315,-14.779,7.987,2.999,-9.251,-6.158,14.183,10.248,0.3725,-0.9242,0.8003
0.4359,0.4378,-0.3215,2.445,15.004,0.864,7.096,1.812,0.453,9.224,11.343,-7.195,-16.005,-2.152,1.0035,0.7051,-0.1369
-0.8083,1.3791,1.2967,-2.319,-6.045,8.738,4.004,3.012,-1.505,6.509,-9.594,5,-10.091,-0.619,-0.1932,0.8745,0.6632
-0.4647,-0.6474,2.181,-1.414,11.108,0.119,-3.984,6.009,0.194,-3.745,-8.049,17.781,11.931,1.618,-0.9259,-0.7258,2.0672
-0.0823,0.277,0.2708,10.257,8.684,-7.574,0.338,-11.13,-10.487,7.305,5.358,5.608,7.768,12.584,0.0264,0.0453,0.2728
-0.4228,-0.5893,-1.4954,2.833,-13.946,5.945,4.661,-3.517,12.085,11.028,6.231,1.838,3.996,6.496,-0.9322,1.6106,-1.9597
-0.1294,-1.0448,-0.1158,1.237,11.006,2.446,9.41,-1.954,2.551,2.699,13.536,-6.715,3.508,-1.4,-0.9101,-0.8778,-0.247
0.6093,-1.184,-1.4576,-6.432,-13.931,-1.181,2.439,-0.307,-0.628,6.139,4.14,-3.123,2.817,0.811,-0.4163,0.9532,-1.2547
0.0451,1.0092,0.7768,0.435,-2.953,-20.087,-7.1,-1.914,7.985,3.643,-3.623,8.921,17.999,5.356,0.9554,0.5804,0.8793
-0.4024,-0.8178,1.5956,-7.525,0.271,8.916,-3.318,12.6,14.031,-15.781,9.946,11.3,5.2,1.986,-1.0338,-1.3688,1.4251
0.6987,-2.166,0.1421,6.829,-11.129,5.451,12.283,9.359,6.626,10.631,1.82,-0.362,10.728,-1.273,-1.3988,-2.2906,0.5078
-1.9704,0.8658,-0.707,-3.381,-15.576,-4.68,-11.547,6.806,19.602,3.39,-8.664,-3.271,3.202,-12.02,-2.2395,1.749,-3.3369
-1.3123,0.1336,0.7472,3.806,-2.19,-2.343,2.522,-8.081,4.17,-0.09,-2.147,9.032,17.265,-1.733,-1.4971,-0.2861,-0.6035
-0.3039,1.0875,0.3307,4.461,-6.464,7.679,-11.32,8.985,-13.159,-12.26,-9.155,7.977,11.495,4.522,0.4463,0.9634,0.1271
-0.1768,-2.4339,0.1194,-3.104,-4.468,-9.317,13.074,7.107,1.73,-0.891,-0.377,-12.146,4.457,-7.554,-2.0174,-2.5531,-0.0035
-1.4144,0.5565,-1.9804,-0.819,-8.943,16.62,2.307,0.441,9.694,3.414,-0.497,5.681,-12.765,-11.465,-1.5331,3.8635,-3.8114
-0.0358,-1.741,0.3571,-0.521,-5.415,-0.94,-2.208,-7.975,4.644,-1.767,-12.409,6.173,1.991,-0.585,-1.3857,-2.0547,0.4089
0.593,0.4736,0.5401,0.021,9.613,10.639,-0.358,-12.337,-13.314,-14.663,8.113,2.953,4.857,-3.037,1.1362,0.0378,0.8295
-0.542,0.8271,1.6898,1.458,13.011,7.977,1.142,-9.607,-7.89,10.414,3.9,15.056,-12.133,3.708,-0.1359,0.4533,1.4034
-0.6315,0.0371,0.1084,3.075,5.754,7.216,9.578,3.369,-18.543,4.826,-1.994,-5.396,0.221,-1.048,-0.7236,-0.0762,-0.4512
-0.8435,1.1577,-0.817,10.015,-4.211,3.335,-8.417,-0.759,-4.923,-3.864,-8.374,24.737,-3.667,12.438,-0.3672,2.1215,-1.6768
0.5449,1.5127,1.3145,2.204,0.194,-8.463,3.993,-2.488,-5.189,2.669,-0.405,-1.519,3.847,-7.662,2.0777,1.0688,1.7235
-0.8874,2.93,-0.9126,6.197,11.494,3.052,11.615,-0.259,5.262,-4.028,-7.616,7.167,10.217,2.054,0.4813,4.0534,-1.8403
-0.2516,-0.9367,-0.9591,-8.773,10.696,10.108,-1.942,-1.682,10.408,-0.52,-6.154,5.521,0.814,-0.071,-1.0405,0.2985,-1.287
0.2335,-1.6057,-1.9274,1.271,0.697,-9.728,1.213,7.51,-9.09,-10.707,-4.357,-1.671,2.685,5.211,-1.108,1.6251,-1.9723
-1.305,-1.57,-0.4529,2.747,-6.696,16.878,6.051,-3.196,8.044,-4.542,-6.857,7.646,11.595,-6.653,-2.1707,-1.0686,-1.9493
-0.1287,1.016,-1.1811,0.145,9.807,1.097,12.951,-19.505,-4.03,3.516,-4.148,-11.154,-9.107,-4.274,0.6631,2.6438,-1.4091
-1.9215,-0.5456,0.8278,0.444,7.337,7.994,-4.486,3.546,8.298,4.452,5.138,1.335,3.576,-8.421,-2.4744,-1.0229,-1.5785
0.9102,0.5914,0.7718,3.221,3.525,4.745,19.464,-1.182,-10.479,6.41,-1.348,6.611,12.928,11.513,1.6997,0.1429,1.2638
0.4489,0.127,-0.8462,7.125,1.986,3.7,-6.847,-1.421,0.161,-1.447,0.322,-0.926,-1.43,-4.434,0.6259,1.1696,-0.677
1.5627,0.8325,1.1498,-1.778,-8.051,-4.424,-0.456,-2.878,-10.161,0.767,14.731,-6.426,7.128,3.264,3.0335,0.3001,1.6652
-0.7557,-0.8323,-0.7523,1.78,14.383,-6.505,-0.83,10.435,4.222,-5.604,6.443,4.791,-2.168,10.082,-1.3419,0.0829,-1.5466
1.4317,0.3556,0.9696,-6.462,10.522,-4.542,-3.855,6.726,-1.595,3.303,6.938,17.023,-5.422,2.063,2.1858,-0.1137,1.4225
1.8696,-0.6787,1.0249,-3.487,11.437,7.67,-8.491,-5.039,7.681,-5.394,13.093,-8.553,-2.652,-4.077,1.2971,-1.1705,1.4175
0.4695,1.8994,1.6129,-1.964,2.173,3.499,-0.298,4.603,-0.882,-3.587,2.502,8.231,9.438,-6.858,2.3037,1.4835,2.0343
-0.3958,-1.3846,-1.833,-6.321,-5.728,-16.321,-4.26,3.041,2.288,-9.743,2.581,-4.673,6.193,0.451,-1.4782,1.6426,-2.3248
-0.5879,0.9194,1.4956,-11.654,5.063,-9.699,1.826,-7.205,-0.969,1.12,23.062,-3.342,-6.194,-0.161,-0.1121,0.438,1.1095
-0.8588,0.5903,-1.7517,8.109,-11.109,-11.442,0.104,5.178,-8.493,6.088,4.944,-1.024,-6.03,15.419,-0.7475,3.3995,-2.7018
-0.4758,-0.28,-0.3108,0.332,14.758,-2.895,7.769,0.139,-3.528,-0.69,6.176,-5.156,12.6,-2.812,-0.7683,0.028,-0.75
-0.9557,1.631,1.3968,-0.533,9.692,17.123,-1.216,8.275,9.275,3.703,-8.576,10.195,-18.841,-14.094,-0.33,1.1646,0.5457
-1.5979,-1.5373,0.1741,-3.011,-12.012,5.635,2.168,8.827,6.201,0.13,-0.748,-3.292,-18.554,-9.158,-2.4178,-1.5948,-1.6896
-0.3124,-0.6393,-2.905,-5.055,-4.596,2.849,4.899,-19.681,-5.485,0.629,1.109,8.23,8.43,-9.055,-0.8306,5.3383,-3.3999
2.4822,-0.6051,0.0697,2.07,3.767,12.937,-3.992,6.264,3.94,0.447,-9.483,0.927,6.389,-3.22,2.0389,-0.6363,-0.0452
0.273,-0.6749,0.0797,-7.492,10.982,-8.374,3.285,-3.594,-8.495,8.584,4.094,5.593,-6.826,-8.958,-0.2757,-0.7892,0.2493
0.6126,-0.4166,0.9004,7.044,-6.287,-5.203,-2.461,6.952,15.138,0.85,-2.066,12.506,-10.578,2.868,0.3397,-0.8539,1.3506
0.6888,-0.7623,2.0065,6.898,23.574,-4.642,-2.139,6.121,0.352,-8.929,-0.393,-2.777,2.919,-13.431,0.0875,-1.0767,2.5607
-0.0043,-1.1474,-0.002,1.983,-3.365,-4.419,-12.784,10.899,5.316,-2.655,-7.572,-0.78,7.487,-1.353,-0.9178,-1.0842,0.007
-1.9646,-0.2544,-0.1676,-2.638,4.823,-0.7,-7.584,12.112,-1.358,7.352,-1.835,-2.737,9.113,-4.047,-2.3739,-0.172,-2.7162
-0.6778,-0.2406,-0.5091,0.458,1.251,-2.955,-1.902,-5.848,-5.799,-0.721,3.712,-2.313,-2.121,-1.185,-0.8959,0.2331,-1.1908
-0.6625,-0.155,-0.5569,-5.61,6.313,7.863,-4.386,7.863,-5.308,-12.915,9.955,1.474,-1.656,-3.735,-0.8615,0.4976,-1.2025
0.4224,0.7977,-0.3734,-0.708,8.942,-1.027,-4.413,9.461,10.748,-6.567,6.064,-2.34,0.454,-6.051,1.2386,1.1883,-0.1719
-0.9943,-1.162,0.8152,1.049,9.829,-3.453,5.255,-16.71,2.887,9.735,-16.608,2.245,11.42,-0.019,-1.7866,-1.6319,-0.0981
-0.3363,0.5742,0.3082,-6.028,-3.248,-8.648,1.014,-3.916,0.42,7.575,-3.576,-6.847,-14.461,-2.888,-0.001,0.3671,0.0191
-0.4648,-0.7137,0.2479,0.733,12.271,10.876,1.166,6.061,-4.091,2.918,-2.454,10.479,-1.419,1.6,-0.9851,-0.8828,-0.1457
0.3758,1.6522,-2.1734,11.679,-1.95,-1.13,-5.219,-1.587,1.804,-5.375,3.492,-1.888,-9.276,10.734,1.9885,5.4791,-2.1934
-1.0759,1.7284,0.643,-9.157,-0.477,6.807,-1.613,1.324,6.035,-0.462,-0.873,-0.338,-8.464,-7.555,-0.441,1.3621,-0.3579
0.3274,-0.439,-0.4391,-2.219,3.406,-0.592,-13.993,18.33,-10.786,-5.597,-7.219,4.469,12.173,-12.384,-0.0196,0.0211,-0.2916
-0.6436,-0.0425,-1.4526,-1.036,4.094,4.456,-7.639,1.245,-5.524,-15.174,10.743,-2.067,-4.899,2.836,-0.7775,2.1245,-2.2109
-0.4995,-1.5779,-1.5291,-1.701,6.887,-5.248,10.857,-1.591,4.602,6.461,4.044,-7.742,1.607,-4.429,-1.5527,0.6687,-2.0281
-0.0179,0.6119,-0.832,-2.345,8.295,-3.554,-0.387,3.379,-8.145,0.581,-4.809,-8.499,-12.416,2.982,0.4933,1.6834,-0.9371
-0.6298,-0.3645,-1.1703,4.079,-9.158,-4.188,2.47,3.873,-1.117,4.741,3.279,-9.586,-14.145,2.004,-0.955,1.2793,-1.8179
-0.5035,-0.1107,-0.3155,1.545,2.833,3.291,-1.279,4.847,-16.291,0.717,-17.883,4.868,-5.943,7.998,-0.6847,0.1645,-0.7625
0.3939,1.2234,-1.7763,6.361,-8.099,1.799,-8.831,-5.66,5.426,-8.813,-3.572,-3.994,-3.281,-1.014,1.5737,4.0422,-1.7366
0.2314,1.1167,0.5232,1.06,7.661,-2.2,-13.057,-0.943,-0.929,-2.914,-12.291,-0.626,-0.111,-1.172,1.2445,0.7414,0.7821
-0.5114,1.0843,1.1965,12.902,5.361,0.755,5.135,5.334,10.73,5.171,7.949,-1.72,-3.333,4.116,-0.0082,0.4967,0.9267
0.3255,0.5857,-1.2252,3.321,0.004,1.272,-2.975,-10.309,4.167,-3.841,0.3,12.139,2.684,8.079,0.9746,2.3208,-1.0748
1.4299,-1.6829,0.4266,-5.434,5.183,7.385,-4.55,-9.215,-2.884,-2.838,3.561,10.6,16.513,1.992,-0.3697,-1.951,0.8222
1.1872,-0.3945,0.3546,8.171,4.636,12.879,4.878,4.21,0.416,8.432,-8.65,-5.39,-3.197,-10.803,0.9619,-0.5708,0.7588
-0.0041,0.5044,0.5589,0.141,1.847,1.206,0.5,-5.131,-2.007,-6.354,13.979,-9.462,-6.506,-2.177,0.355,0.1696,0.6045
1.901,-1.6813,1.1358,0.721,13.027,5.267,-2.969,1.487,10.194,-4.6,0.942,-2.548,2.494,2.262,-0.0163,-2.2374,1.4182
-1.0875,-0.8438,1.5635,7.007,-3.961,-3.981,4.88,-8.222,3.381,1.56,5.99,-1.183,1.732,-7.944,-1.6652,-1.309,0.5594
1.3736,0.281,-1.5268,-3.957,-6.737,-2.852,-3.01,13.752,4.502,10.068,8.746,4.216,-0.456,4.565,2.024,2.5834,-1.2967
-0.2024,0.0567,2.1547,-4.275,-2.267,7.149,-14.256,11.085,1.767,-1.927,-3.942,1.253,14.38,-0.066,-0.2075,-0.0609,2.2056
-1.5529,-0.4866,-0.082,-7.058,4.182,3.058,-3.89,-7.714,-2.953,-5.156,4.55,-2.116,7.851,5.893,-1.923,-0.3619,-1.8853
-0.19,-0.1832,0.7852,5.194,5.994,7.38,-9.919,9.584,-5.08,4.393,5.749,7.072,-3.654,-1.216,-0.3772,-0.6372,0.6895
0.0245,-0.2789,0.2072,-4.184,-11.174,-10.666,5.83,-0.713,3.757,-6.962,3.277,-5.875,0.489,-0.241,-0.1656,-0.4695,0.2271
0.2771,0.4568,-0.5926,-2.111,-4.593,-0.85,-1.533,8.664,6.27,-11.962,-2.071,-20.397,-3.579,-1.349,0.7269,1.1202,-0.4594
-0.9889,-0.2738,0.2272,10.836,19.848,-4.63,7.853,10.177,8.691,-6.379,3.488,-1.734,0.696,6.306,-1.3588,-0.4756,-0.7404
0.1559,-0.036,0.6289,4.472,2.987,14.906,2.489,7.58,-3.709,-0.561,5.474,8.077,-2.927,-3.677,0.1491,-0.4638,0.8386
-0.3265,0.6015,-0.9167,2.494,2.392,3.737,6.629,4.878,-7.751,-1.153,6.207,7.033,0.142,1.227,0.0113,1.8002,-1.3048
-0.5497,0.9999,-0.3786,-1.585,10.596,10.18,11.072,8.438,2.611,9.214,-19.028,8.888,3.476,-7.194,-0.0258,1.4127,-0.8867
0.8905,-0.5756,0.3919,-5.72,-5.735,-4.865,-1.245,-4.585,-6.287,0.184,3.924,-5.764,0.067,8.032,0.4111,-0.835,0.8285
0.0659,0.1183,0.4286,-1.541,-0.631,8.968,-2.785,-1.476,-1.284,7.433,9.573,4.229,1.206,0.351,0.1182,-0.2887,0.5455
-0.7838,0.9905,0.5587,-1.976,4.327,6.095,-1.055,-21.004,2.397,7.474,-5.999,-5.642,3.303,5.458,-0.3871,0.6533,-0.0685
0.4142,0.2801,0.7169,4.708,3.892,-2.472,-8.31,7.1,-5.664,-10.526,-6.112,-2.294,3.362,-0.469,0.8101,-0.073,0.991
0.8513,-0.6534,0.2328,7.08,5.456,5.428,2.968,11.617,4.882,-14.367,-7.185,-7.61,-7.063,9.005,0.3316,-0.8519,0.6163
1.5026,-0.0181,-0.0032,2.932,3.636,-10.813,8.871,3.677,2.197,-6.892,9.106,-11.675,-9.785,7.036,1.9078,0.0188,0.2641
1.7398,-0.6509,-0.2392,-3.678,-7.13,3.25,-1.07,-0.628,-15.892,-2.719,-11.51,-9.008,-3.28,-14.571,1.2049,-0.4462,0.0592
-1.6834,1.4273,-0.0646,0.073,-3.904,2.913,-6.677,-2.118,-10.987,-1.993,1.781,-0.128,21.764,-8.982,-1.5985,1.5336,-2.0581
-2.0091,-0.4269,-0.4888,-4.727,-7.465,-5.094,-4.425,8.61,2.024,-1.155,4.196,10.322,0.633,19.771,-2.5477,0.1147,-3.161
0.8457,-1.0948,-1.9258,0.305,-11.014,6.892,6.592,-14.519,12.388,5.143,-6.118,2.337,1.923,5.748,-0.1349,2.1008,-1.758
1.0327,-0.9256,-0.6792,-5.455,-3.498,2.461,-7.576,-8.148,13.116,-17.283,-8.093,5.871,11.544,8.667,0.2136,-0.1168,-0.3141
-0.5453,0.4455,0.9342,-3.435,4.046,5.027,-7.93,2.38,6.051,3.507,-0.438,-4.22,-2.723,-9.173,-0.3837,-0.0921,0.5483
-0.9774,-1.4765,-0.1984,-3.742,-4.998,10.189,-1.302,7.402,-6.465,13.661,10.824,8.081,-8.887,-2.113,-1.8974,-1.3433,-1.1397
-1.244,1.6692,-1.4662,-1.791,-17.509,6.021,18.382,4.506,-0.61,-1.571,1.239,17.031,-3.665,-5.796,-0.858,3.7796,-2.9679
0.5723,1.1869,0.3489,4.182,-9.404,-1.359,3.223,3.343,-8.763,-2.038,-7.1,8.165,7.222,-8.773,1.7573,0.9193,0.7177
-1.0379,-0.7756,-0.9103,-0.11,-2.032,3.759,15.33,-10.255,-5.422,9.621,-4.802,6.561,-4.485,4.003,-1.6079,0.2859,-2.0641
0.9625,1.7002,0.7867,-0.817,-8.389,1.725,3.636,-1.162,12.326,-10.627,9.696,8.32,1.407,1.726,2.9681,1.2427,1.3063
1.4821,-0.9561,-1.1325,-1.167,8.71,-1.042,-5.286,2.496,-7.556,10.6,-4.46,-7.858,9.877,-4.924,0.6058,0.5481,-0.8423
-0.2859,-0.5991,0.3281,3.516,6.619,5.636,5.918,7.665,-0.983,-1.19,1.243,-12.645,-7.248,8.209,-0.7878,-0.8272,0.1666
-1.2106,-0.7708,0.5788,-1.878,6.019,1.69,-6.056,-6.962,7.515,-12.719,-6.841,12.459,-4.353,1.937,-1.7962,-1.1951,-0.6905
1.767,-0.9849,0.3604,-1.346,1.256,-3.534,-5.146,13.186,1.84,8,1.686,-6.84,8.539,0.481,0.8484,-1.2518,0.7205
-0.9081,-0.5262,-0.6479,-4.158,-6.47,-6.842,-4.051,-10.695,11.776,-3.936,17.697,9.462,3.907,8.446,-1.3892,0.2446,-1.63
0.3111,0.7988,1.5788,-6.871,4.55,-4.336,4.673,2.117,2.981,-8.05,12.844,-1.862,-8.594,-0.109,1.0948,0.3117,1.9182
-1.4498,0.1882,0.6744,-3.593,-1.323,-1.539,-8.442,7.519,20.355,9.279,-13.304,-10.308,-3.226,13.437,-1.64,-0.2281,-0.8847
1.2444,0.1217,-0.4363,-3.699,5.877,-4.965,-6.052,-8.667,8.57,5.503,11.658,4.008,-2.617,12.7,1.6286,0.6505,-0.1187
-0.8641,0.2325,-0.1225,0.993,-8.082,2.39,-10.576,7.247,-6.297,5.827,5.066,-2.076,16.879,-6.621,-0.7834,0.3365,-0.9943
-0.4407,1.6845,-1.6682,3.785,-0.582,5.627,-7.156,-8.52,9.618,-5.999,8.853,-16.001,-21.265,8.937,0.6137,4.3004,-2.167
-1.9435,0.9064,-0.8947,1.497,0.588,1.093,0.225,0.238,6.567,6.686,-0.969,2.388,-19.211,-14.767,-2.1729,2.0886,-3.4499
-0.0605,-1.0861,-1.0486,-0.615,-6.551,7.595,3.892,4.349,7.829,-2.331,11.418,-6.288,-11.765,-1.045,-0.9234,0.2694,-1.1787
0.3204,2.1729,1.4847,2.167,1.069,-8.175,-4.566,-0.741,6.843,8.138,-6.013,11.543,-3.325,7.444,2.3212,1.66,1.9125
-0.8811,0.2812,0.1928,4.301,-2.896,-5.609,-4.26,-3.22,-7.16,-1.396,-6.371,5.607,1.233,-14.346,-0.8969,0.1424,-0.7018
-1.5771,0.3907,0.2715,-2.358,-14.803,1.015,-3.477,-7.974,2.501,16.655,-15.682,-2.393,-5.147,4.355,-1.7865,0.1989,-1.5909
-0.9721,-1.9844,0.4739,2.629,-2.728,-6.287,13.891,-17.142,-7.824,-11.782,-11.918,-5.61,3.718,-11.121,-2.2032,-2.3928,-0.4706
0.5109,0.4717,0.5684,6.602,-9.004,12.647,-0.918,-2.544,0.372,4.09,2.027,-10.011,15.401,-8.12,0.9862,0.138,0.943
-1.8975,-1.3065,-0.7618,-0.653,11.875,2.44,1.974,-0.816,-0.995,-1.407,0.121,13.876,-4.885,3.056,-2.5696,-0.3687,-3.2176
-0.6048,-1.2671,0.4967,-2.851,11.721,0.594,-0.201,1.106,5.387,7.208,5.914,-4.085,-5.655,-7.423,-1.5514,-1.5718,-0.042
0.266,-0.3192,-1.2181,-0.95,-4.922,-2.49,-12.151,-4.451,-0.878,2.609,0.123,-7.318,-0.745,-7.638,0.0204,1.4431,-1.1399
-0.2529,-0.0188,-0.5543,4.54,-0.84,-6.309,-1.857,2.442,-16.338,-11.804,3.294,-11.612,-21.904,-5.407,-0.2778,0.6393,-0.7961
-0.685,0.054,0.2943,3.169,-0.733,1.075,-7.774,-8.077,-8.066,-2.601,1.312,11.439,-0.993,7.465,-0.8365,-0.1129,-0.2907
-0.4002,-0.6939,-1.0567,1.816,-0.481,-1.018,-0.126,-7.206,-10.835,-5.002,1.796,-1.891,7.457,8.209,-0.9933,0.6148,-1.5167
1.4849,-0.135,-0.5027,2.745,1.095,-1.579,-13.23,16.742,12.664,3.24,7.774,14.347,1.231,3.095,1.6181,0.4402,-0.1083
0.3037,-0.2104,-0.1217,-2.013,-2.251,1.527,18.155,-2.952,5.928,3.72,-5.181,-4.358,-12.209,-3.218,0.1275,-0.0452,0.0322
1.5415,-1.0938,1.1966,-2.245,2.513,-4.899,-4.606,7.874,-1.79,-8.743,15.369,-14.534,1.843,-13.032,0.3992,-1.5885,1.6506
-0.0887,0.0498,-0.421,4.939,5.078,7.892,2.686,4.642,10.417,-3.769,3.038,3.219,-3.301,3.101,-0.0614,0.4308,-0.5902
-0.9924,2.3151,0.829,7.627,3.131,-6.328,8.772,-5.097,8.592,-0.503,5.679,6.891,-3.416,-1.352,-0.0585,1.7728,-0.0717
-2.7251,-0.5137,-0.0515,-5.902,-6.732,-11.841,-2.145,-6.408,0.13,3.729,4.001,-5.787,-11.347,1.571,-3.2486,-0.5396,-4.1047
0.0096,0.2383,-0.7624,7.417,-9.587,-3.44,-7.516,14.292,-0.608,15.413,5.64,6.823,-9.939,-2.453,0.1622,1.1734,-0.8475
-1.2672,-0.3628,-0.3539,1.531,-8.313,-6.968,-0.334,-13.311,-4.523,0.948,5.941,-8.678,11.234,6.429,-1.7353,0.0017,-1.7384
0.953,0.053,-0.2781,3.066,8.081,4.411,7.109,-0.47,8.366,-5.288,7.066,10.175,3.35,-5.655,1.1374,0.3383,0.0581
-0.8393,-0.5759,-0.0359,0.122,-8.582,-4.84,-1.877,2.39,5.801,7.734,11.856,16.398,7.967,8.205,-1.3335,-0.5975,-0.8161
1.2496,0.2623,0.1163,0.553,6.991,15.274,8.329,11.495,2.18,12.054,-3.501,7.46,-11.82,1.354,1.8191,0.1804,0.4737
-0.3559,0.6319,0.5775,-0.448,-4.371,1.711,15.383,-6.86,-10.138,-0.337,7.53,-10.246,-9.66,-12.815,0.0381,0.2837,0.4257
0.481,-0.885,0.4577,-0.142,-0.975,-0.617,-9.951,23.477,0.372,11.415,4.191,-0.047,-19.315,7.897,-0.3161,-1.2263,0.7695
-0.9995,1.8774,0.5328,-1.705,6.653,-1.336,10.91,2.092,-15.074,5.02,-10.857,7.424,5.007,-2.778,-0.3047,1.5351,-0.3545
-0.085,0.4055,0.0771,-5.828,2.216,2.514,-0.713,-0.777,2.293,-0.674,11.2,-5.72,-10.1,1.236,0.2681,0.2929,0.0628
1.1722,0.3724,-0.4255,-1.44,-7.909,0.17,5.805,13.413,-10.925,-5.733,-2.209,7.783,-7.716,-8.081,1.8371,0.8655,-0.0385
0.4489,1.0023,0.1742,-3.842,11.466,8.209,1.464,2.097,-13.664,-2.537,6.011,0.267,-1.31,3.969,1.5161,0.8708,0.479
-0.0977,1.4395,-1.1375,-3.711,5.377,6.954,0.486,6.989,-4.677,5.494,-6.894,1.306,5.772,3.065,0.9422,2.9968,-1.3277
-0.2522,0.5174,-0.0042,-5.61,1.31,1.547,6.002,2.434,2.181,6.826,-19.411,4.004,-2.336,1.339,0.1253,0.4785,-0.1665
-0.3077,-0.6948,0.7518,2.581,-0.469,-4.19,0.887,5.71,5.736,12.329,-11.896,-3.513,-11.766,-2.164,-0.9361,-1.1466,0.6111
0.0964,-0.3356,-0.1933,-11.956,-6.63,1.024,-24.239,4.718,-11.588,16.166,0.835,7.633,-5.897,8.124,-0.1491,-0.1571,-0.1993
-0.8397,0.3663,0.6136,3.912,-4.555,3.76,-3.552,5.134,3.677,-4.393,10.114,0.519,-2.589,16.414,-0.823,-0.008,-0.0833
0.237,0.7112,0.3259,2.033,0.093,-13.732,2.169,-10.183,10.537,-3.024,-2.528,3.976,-7.142,-2.385,0.9294,0.5121,0.4797
1.2763,0.7716,-0.7567,4.502,-0.7,11.076,-4.648,-9.302,1.073,-2.566,-4.911,5.866,-1.222,4.337,2.4482,1.6611,-0.4362
-0.3194,0.077,-0.1919,-8.965,-10.205,-9.329,5.628,-2.554,-0.825,-19.989,-3.717,9.684,13.272,-4.176,-0.2832,0.2429,-0.4799
0.0274,0.3871,0.7279,-6.623,5.836,16.525,4.833,1.3,10.058,-1.747,-2.362,5.959,-5.996,-20.391,0.3828,-0.0764,0.8622
1.6863,0.2533,0.2824,3.301,-7.385,2.69,4.923,7.721,-1.884,-4.406,2.855,-10.165,-2.862,-6.525,2.385,0.0442,0.6139
2.1642,0.3794,0.1999,-1.961,-1.677,-0.488,-11.284,-1.735,0.844,3.05,4.99,3.552,-4.679,-4.838,3.1881,0.1951,0.3114
0.2264,-0.6604,1.5211,-1.297,2.257,-10.833,7.237,2.236,4.824,-11.403,1.581,-3.541,10.162,-8.097,-0.3138,-1.1083,1.7775
-2.0211,-0.0975,0.496,10.492,1.093,0.414,4.096,-4.464,-4.896,12.911,6.708,-2.362,1.818,1.129,-2.4091,-0.404,-2.0546
-0.4656,1.5874,-1.0576,-1.753,-3.072,-18.305,-4.838,-0.812,-10.115,-11.108,6.076,-5.022,-2.04,5.236,0.5333,2.9807,-1.5616
-1.6319,0.2261,0.49,1.406,-1.842,-8.134,0.939,-13.532,-11.313,9.258,4.382,-5.411,2.311,-5.524,-1.8952,-0.1166,-1.3322
-1.0939,0.5598,1.0004,3.024,-6.016,6.12,-3.308,6.882,-12.038,9.255,-2.24,-8.206,6.24,2.466,-1.1158,0.0418,-0.1017
-2.0211,1.3825,-0.5346,-3.073,-3.741,-4.588,-0.003,-7.916,-0.597,6.982,-9.775,2.597,10.333,-1.617,-2.1257,1.9847,-3.2677
-0.2369,-1.5989,-1.4004,-2.177,-26.393,5.061,-1.395,9.085,0.304,2.592,-3.778,-3.453,1.305,5.202,-1.449,0.4522,-1.6885
-0.4269,-0.4053,0.3767,3.073,13.271,-4.337,10.046,-10.548,12.681,-0.702,1.899,-0.597,5.041,-7.665,-0.7313,-0.6877,0.0754
0.0155,1.4867,-0.6635,-3.225,-1.653,6.408,2.134,-4.096,-12.698,4.25,-5.703,-3.74,2.615,8.527,1.2092,2.2996,-0.7068
-0.3185,-0.3803,-1.7402,10.826,-5.901,21.12,-4.377,2.206,3.253,2.661,2.18,-8.419,4.173,5.536,-0.6898,2.4288,-2.1227
1.0072,-0.3667,-0.3443,-3.336,-12.659,11.024,-17.202,4.008,-2.122,7.01,-3.38,-12.602,-12.811,8.302,0.7943,-0.0311,0.0435
-0.3128,-0.2991,0.6454,4.142,6.822,1.383,-6.282,-1.149,-4.417,5.64,5.566,-0.457,1.267,-3.871,-0.5723,-0.6938,0.4419
-1.8361,-0.7808,1.4552,10.114,-7.139,-4.212,22.752,-5.185,3.697,-8.101,-14.215,7.206,8.308,-4.636,-2.3795,-1.2097,-0.6531
-0.8601,-0.032,0.6542,9.013,-1.19,1.573,5.387,-15.07,-3.895,-1.285,-5.483,2.184,-4.776,-3.866,-1.0057,-0.4534,-0.1977
-0.9579,-0.9553,-1.0116,3.973,-9.465,-12.552,-16.016,14.209,10.751,-11.647,-7.051,3.994,1.857,1.032,-1.5629,0.3268,-2.0922
-0.5331,-0.4889,-2.4143,4.153,4.319,-11.364,4.678,3.662,9.052,-9.276,-4.672,-3.509,10.821,-3.217,-0.9195,4.057,-3.1624
-1.2287,0.7746,-0.3894,1.97,9.149,0.569,14.156,-12.249,1.959,4.666,-11.116,2.777,-10.184,0.795,-1.1814,1.1686,-1.7791
-0.7392,0.1971,-0.1171,5.24,6.235,0.604,-4.326,7.481,18.753,5.245,-6.748,-9.706,-1.28,-4.216,-0.7492,0.3243,-0.7913
-1.0033,-1.0212,-0.1539,-2.289,2.191,-6.002,-2.532,8.334,-0.387,-4.816,2.693,2.656,7.567,11.78,-1.6663,-0.9046,-1.1074
1.8481,-1.4127,-0.6554,11.068,5.262,-0.263,-6.608,0.722,2.7,6.606,-3.145,-9.798,-6.273,-14.065,0.319,-0.6479,-0.5225
0.0151,-0.819,-0.098,-2.051,-0.136,8.016,-3.348,4.345,7.324,-19.629,10.406,-1.251,-6.32,-8.324,-0.6327,-0.7478,-0.1256
1.6943,0.2453,-0.416,8.318,2.682,7.554,6.072,-6.157,4.221,-0.659,-0.964,-10.773,-0.934,-3.674,2.3704,0.6649,-0.1289
-1.2301,1.7321,0.7726,-7.92,-4.404,2.018,-5.85,-3.454,-9.854,-16.515,-3.826,-7.869,-0.445,-6.311,-0.7655,1.2711,-0.4148
0.0378,-0.1345,0.4016,0.609,-3.902,2.088,3.801,10.135,-14.233,4.931,-1.736,-4.907,-5.539,-6.787,0.0091,-0.4387,0.4315
0.8318,1.5521,-3.1133,2.697,-1.287,4.628,15.79,10.279,-3.808,8.363,-1.04,-6.471,-21.579,-1.677,2.6047,8.2541,-3.0637
1.1176,-1.1272,0.2254,-1.553,-2.217,21.696,7.883,9.657,6.099,3.443,-4.313,0.538,4.966,2.753,0.0762,-1.3492,0.6898
-0.512,0.6831,-3.0261,3.359,3.394,19.727,16.457,-7.939,5.899,5.353,3.757,-0.128,1.254,7.989,-0.1556,7.0585,-3.7442
1.9331,-2.6883,0.8079,-3.675,2.256,2.003,-5.913,-10.168,1.968,15.691,-14.128,0.941,-14.83,-7.27,-1.3694,-3.1287,1.1134
1.1744,-0.266,-0.2005,9.344,-14.473,4.04,0.729,7.245,0.595,-5.978,-1.831,5.875,6.426,11.056,1.0953,-0.0616,0.195
1.6226,-0.8861,1.2213,-10.146,4.4,14.131,5.917,-16.588,8.372,-0.109,4.156,-4.445,-8.411,14.376,0.7218,-1.446,1.749
0.8129,0.0772,1.0073,-6.835,5.557,-3.504,8.131,11.132,0.202,-5.905,-2.176,0.163,0.948,-3.118,1.0422,-0.5154,1.5105
-1.0791,0.9608,0.7433,-1.503,2.738,-15.346,-10.936,3.765,-12.458,6.711,5.014,-11.955,1.587,-3.649,-0.932,0.5388,-0.1817
-2.0727,2.6599,-0.2022,1.668,8.407,4.012,-6.667,-7.658,5.593,-0.761,7.821,8.961,10.225,-15.525,-2.0662,2.8731,-2.9367
0.636,-0.4246,-0.3425,3.446,4.261,-0.819,1.208,0.876,0.891,-4.321,-4.599,9.781,-10.071,-5.408,0.3241,-0.0427,-0.0858
0.0606,0.4954,0.0821,3.394,6.432,4.421,-4.886,5.703,15.451,-2.602,2.322,8.284,-10.73,8.379,0.4416,0.4247,0.1498
-0.7364,-1.1839,0.5663,0.647,-16.134,2.94,0.977,0.867,8.448,-6.714,-1.646,12.424,1.034,-3.983,-1.6303,-1.5723,0.027
0.5313,0.3136,1.6057,-7.447,-22.936,-8.196,3.296,7.158,-2.271,-0.002,-3.54,-3.875,-4.755,-9.123,0.9005,-0.0882,2.0163
0.5102,0.1391,0.9547,-2.543,-4.736,10.01,13.518,-5.758,-15.306,5.955,-5.017,0.647,5.148,5.409,0.7421,-0.2733,1.3186
0.2816,0.7885,-1.4903,2.695,-4.319,12.301,-7.869,22.245,8.92,-7.744,6.255,-13.305,17.214,-14.716,1.0563,3.006,-1.4879
-1.3054,0.8087,-0.8877,-1.521,0.19,-1.146,-1.579,1.107,-2.713,-6.881,-1.869,-9.506,4.923,-5.323,-1.2769,1.9283,-2.3812
0.1412,-1.4782,-0.9977,-1.684,4.661,12.738,4.059,-17.317,-4.156,2.674,2.538,12.363,10.328,0.639,-1.0797,-0.144,-1.0874
1.0159,-0.2449,-1.6067,5.614,6.065,-10.775,8.197,-9.343,-0.526,-4.631,-3.696,-6.354,5.93,7.278,0.9373,2.2263,-1.3891
0.8788,-0.1852,-1.295,-2.644,-12.583,2.747,-2.657,16.76,4.136,-16.441,1.404,-4.12,3.654,14.903,0.8638,1.6825,-1.0539
-0.0954,-1.3524,1.4413,4.192,-5.651,2.298,-2.446,-2.558,-10.485,19.675,0.706,0.563,-2.209,-8.966,-1.1171,-1.8076,1.4978
-0.0031,-1.5014,-0.7528,-0.105,6.254,-1.107,11.265,-6.291,-5.865,11.922,-0.665,-10.396,-1.239,16.424,-1.2077,-0.6543,-0.8472
0.804,-0.3274,0.1697,-7.157,-3.76,1.766,6.341,9.188,-0.1,-1.611,-2.085,2.174,-0.871,-3.827,0.6042,-0.4615,0.5904
1.1335,1.9331,1.7235,-11.843,-1.292,9.29,-14.286,1.451,3.752,-6.816,5.847,9.039,2.209,-3.853,3.5966,1.5581,2.2968
0.142,0.9497,-1.1045,4.186,1.504,-2.077,-12.974,-2.846,8.24,5.148,-5.329,3.81,8.238,-24.585,0.9585,2.4647,-1.1002
0.5224,-0.4504,2.021,-10.186,2.603,10.66,8.492,11.276,-2.855,4.357,2.989,7.878,10.632,-5.973,0.1754,-0.6248,2.4918
-0.5246,-0.1962,-0.3944,6.637,-6.759,-1.356,-1.986,-12.093,1.988,-0.727,-3.39,11.041,8.619,16.576,-0.7482,0.1895,-0.9055
1.2847,-1.2943,-1.2333,3.666,2.477,-2.406,3.905,3.695,3.423,-9.036,11.724,-0.934,18.304,7.591,0.0143,0.4637,-0.9062
-0.605,-0.526,0.1652,0.336,-3.595,-15.871,-10.051,8.724,2.501,-3.106,-12.192,-6.255,15.557,-9.778,-1.0624,-0.6073,-0.4073
0.5548,0.9899,3.3342,2.844,-0.318,-2.025,-14.468,-3.621,4.194,1.253,-8.302,6.1,-7.042,-0.125,1.5942,2.4224,4.0217
-1.3566,0.0613,-0.0436,7.815,-4.811,18.125,-20.557,5.494,-0.897,-11.191,-6.44,-4.999,-1.694,1.786,-1.5574,0.097,-1.6155
0.1281,-0.3619,1.6738,1.276,5.129,-2.827,-3.548,-2.089,5.404,9.968,5.676,-8.285,5.827,1.96,-0.1648,-0.6542,1.9748
0.0197,1.5776,-0.2728,-0.434,6.509,5.505,7.337,5.976,10.738,-6.228,2.148,-1.004,5.101,3.257,1.2865,1.8115,-0.323
0.5993,-2.6316,-0.1056,1.076,-14.185,8.612,7.666,0.209,-17.286,-3.612,9.868,-3.001,6.213,-10.69,-1.8165,-2.5649,0.1948
-1.0576,-2.9751,1.4591,0.969,5.244,2.657,10.602,-10.643,8.837,13.041,-4.303,9.34,1.809,-5.469,-2.6179,-3.392,0.5181
2.6813,0.0661,2.4408,-3.195,-11.361,-7.055,-3.485,-5.7,-12.52,11.216,-0.917,6.394,-7.418,-1.834,3.3175,0.2957,2.3556
-2.7386,-2.162,-1.235,-3.99,-13.193,10.699,-6.096,-5.698,9.439,17.466,-3.135,6.658,-11.044,-7.113,-3.2087,-0.4607,-5.536
-1.0072,-0.6736,-1.3415,-0.712,12.877,-0.05,1.477,3.193,-11.073,11.93,-9.547,5.983,-12.591,-13.947,-1.588,1.2187,-2.4115
0.3102,0.522,-1.2266,-1.681,5.958,-8.257,17.191,-2.147,-2.55,5.439,-5.636,7.294,-3.713,-8.548,0.769,2.2649,-1.218
0.0423,0.4937,-1.2333,-4.397,-0.898,-2.703,3.213,5.653,-2.224,2.136,12.078,0.132,-7.239,3.127,0.4689,2.125,-1.3228
-1.2076,0.4385,-0.0615,-8.89,9.807,1.148,5.529,9.588,-5.455,1.24,-0.006,-4.098,14.654,-0.12,-1.1938,0.4237,-1.291
-0.6174,0.0417,-0.638,5.594,-11.893,-0.037,7.577,5.483,-1.318,15.384,-1.978,-4.692,2.86,20.835,-0.7787,0.8108,-1.2728
-0.4198,0.2407,-1.0416,-0.032,-4.407,-3.251,7.563,-6.136,4.094,10.685,-4.926,-9.566,-2.982,-5.262,-0.3633,1.6768,-1.5025
0.601,0.1007,-0.9169,-0.324,2.07,7.25,-0.634,1.892,0.677,2.2,16.654,1.563,-3.664,2.392,0.855,1.2253,-0.6997
0.2154,-1.7428,-0.3178,5.314,-5.76,5.838,-1.216,7.578,5.952,8.869,10.46,3.888,7.461,-9.997,-1.2164,-1.3966,-0.1682
-0.8226,-1.3331,-0.9176,-10.459,-6.79,5.725,-3.436,3.87,-2.366,2.309,-4.717,6.328,-11.976,4.978,-1.7868,-0.1962,-1.8402
0.8088,-0.0487,0.6379,3.551,-13.45,2.096,10.078,5.359,5.727,-2.536,-6.759,2.817,-3.154,-9.935,0.9572,-0.4667,1.1027
1.0079,-1.3155,0.9534,-3.706,8.646,10.251,9.19,-22.142,7.253,5.86,5.059,7.071,-27.628,-0.366,-0.2086,-1.7873,1.485
-2.2106,0.7952,-0.0342,9.998,-7.095,-9.091,14.486,2.091,0.811,-4.684,-6.903,3.753,6.194,0.411,-2.5269,0.8608,-3.0862
1.4869,-0.0841,-0.4611,-4.103,-15.621,10.789,-5.363,3.534,-7.196,-0.086,-1.794,0.294,-2.562,-0.744,1.6438,0.4287,-0.146
-1.3225,2.0231,1.1141,-3.078,-8.767,0.988,-3.815,-5.623,-22.952,2.193,-4.521,-2.412,-1.121,-3.579,-0.8544,1.4662,-0.1866
1.3317,-1.5848,-0.8136,-3.657,-14.014,-1.908,8.954,8.587,8.458,-14.165,-16.179,2.427,-6.524,-10.833,-0.2819,-0.576,-0.581
-1.0323,-0.6545,-0.7795,0.561,2.846,-8.568,-8.857,-13.557,4.112,5.381,0.086,-1.374,6.586,0.428,-1.6078,0.27,-1.8424
-0.3447,0.3668,0.7708,-2.858,-5.947,3.733,2.12,-0.756,-11.902,-1.603,7.225,-7.617,14.726,1.449,-0.235,-0.1116,0.5393
-0.7908,-0.2844,-0.1655,1.44,5.169,-3.766,1.84,3.39,-6.607,2.719,-3.82,-9.887,-6.106,4.351,-1.0547,-0.1524,-0.9159
0.2929,-0.1929,-1.9597,-9.111,-16.454,8.967,-4.788,-12.656,8.919,4.57,0.606,0.771,0.341,-15.085,0.2002,3.0151,-1.9833
1.7821,-0.1963,-1.6906,-0.469,2.164,1.307,2.148,-4.591,0.024,0.228,-1.742,-6.035,0.962,3.909,1.8336,2.3799,-1.5662
-0.2293,1.1257,-0.8142,-4.216,0.315,-8.843,-1.968,5.098,-7.549,20.462,-8.596,3.275,3.97,-9.581,0.4651,2.1174,-1.1078
0.9363,0.3282,-0.4197,8.333,2.134,-2.853,-0.714,19.977,1.737,-7.312,-6.087,1.178,-15.348,4.373,1.5202,0.7844,-0.0011
-0.4249,-1.4518,-0.697,8.441,-3.369,9.623,-3.556,-14.831,10.009,-15.152,11.706,13.035,6.111,-2.344,-1.4673,-0.6188,-1.0979
-1.214,-0.0851,-0.4152,-1.714,5.208,-19.395,1.034,14.265,12.856,-18.575,0.731,-6.552,6.726,8.345,-1.468,0.3797,-1.739
-1.4277,-1.3619,-1.0469,-3.722,-14.334,-1.384,5.096,-18.318,-1.893,-1.754,-26.237,2.013,-4.294,0.381,-2.2237,0.0152,-2.7209
-0.1096,-0.4058,-0.1233,2.723,2.592,-9.721,9.303,-2.723,-8.383,-12.169,7.379,-3.963,-6.253,-7.997,-0.4148,-0.2805,-0.1846
0.1309,-0.6045,1.2624,-4.119,0.878,-10.359,-5.453,4.877,-5.884,1.103,2.223,-7.192,-2.555,20.089,-0.3309,-1.1009,1.472
-0.7903,1.1134,-0.323,-3.874,0.723,-4.661,2.728,-6.237,-2.214,0.788,3.788,3.721,-4.992,-4.132,-0.3127,1.4638,-1.0171
0.6784,-0.9456,-1.1286,-5.632,-7.141,-3.181,4.538,13.658,11.603,1.296,0.417,9.277,-1.402,7.498,-0.1173,0.6264,-0.8741
0.6646,0.5584,0.4175,-4.164,7.548,-1.567,-3.223,-2.529,-1.164,-8.856,4.174,8.184,-1.431,4.776,1.3467,0.2069,0.8453
-0.9817,2.6972,-0.6019,-4.482,-5.433,-2.978,11.741,-5.385,6.127,11.601,4.348,0.777,-4.608,-0.147,0.1896,3.3497,-1.5929
2.1486,-1.4035,0.7055,-2.229,11.808,10.578,13.205,3.635,-3.113,-2.543,-6.913,0.784,-2.517,-9.939,0.5627,-1.8759,0.8148
0.0943,-0.4496,-1.1732,-0.202,0.209,9.223,1.539,1.945,0.357,3.225,-10.093,10.731,-5.497,-10.587,-0.2106,1.1533,-1.2209
0.613,-0.9281,0.5913,-1.819,-4.433,0.731,3.674,-13.241,3.061,-14.71,5.375,-5.019,3.783,1.027,-0.1406,-1.3742,0.9263
-1.3247,0.2072,0.4117,1.605,3.676,-7.354,-10.669,-14.114,-7.791,19.776,-5.404,-1.157,5.588,-5.672,-1.4519,-0.1027,-1.0281
1.0125,-0.7575,-0.0828,4.086,5.209,9.387,11.855,11.161,-2.992,-2.862,8.924,-6.004,-4.79,11.629,0.4038,-0.6663,0.391
-1.2175,1.0229,-0.8354,-1.615,11.132,-14.428,-1.841,10.339,0.261,-8.359,3.761,-2.968,-3.225,5.833,-1.0055,2.0914,-2.2291
-0.8031,-0.8032,1.5307,-1.135,-3.053,-9.379,7.218,-2.391,2.533,4.135,-1.33,6.532,-7.515,13.408,-1.3865,-1.2086,0.941
-0.7518,-0.7558,1.1846,8.624,-2.258,-4.939,6.025,-6.526,4.321,-12.124,10.752,-9.688,0.906,-0.664,-1.3495,-1.2498,0.5477
-0.2558,0.2519,-0.1388,-1.533,-1.361,4.58,-5.666,11.859,-3.82,5.647,-1.011,-4.544,6.735,4.127,-0.1208,0.3884,-0.3425
1.2584,3.8742,-0.7651,-2.671,15.703,-6.938,14.427,2.014,0.839,-16.071,9.241,11.531,1.023,-6.706,6.1088,4.8187,-0.4249
-0.6536,-0.3858,-0.7426,0.246,9.778,6.973,4.998,-2.591,4.485,-8.067,1.583,2.88,1.279,-5.809,-0.9384,0.5628,-1.4131
0.8637,-0.6478,-0.2362,2.616,-2.124,-1.359,15.721,-1.044,5.054,8.137,-2.33,-0.425,-6.993,8.351,0.3475,-0.4093,0.1148
-0.9492,-1.2335,1.8084,-4.237,12.266,5.394,-11.611,9.453,-2.129,-9.153,-13.53,-14.137,1.506,0.473,-1.8407,-1.5544,1.0797
-0.4338,-0.0765,-1.501,7.462,14.886,2.386,7.108,-0.186,0.005,-6.834,-0.03,13.504,1.524,-4.242,-0.5875,2.1693,-1.9689
-0.09,1.6314,-1.6758,3.397,-7.928,-14.933,5.443,3.155,6.692,-0.084,3.182,-4.484,4.93,-4.381,1.2154,4.2911,-1.8976
0.0233,-0.0062,-0.633,0.981,-1.534,0.989,11.422,-1.446,-5.385,-9.193,5.881,-12.026,-0.634,11.53,0.0427,0.7242,-0.6139
0.2391,-0.9274,1.1175,-10.155,-6.659,9.211,3.687,1.567,5.702,-8.749,-13.291,9.106,2.487,6.95,-0.4801,-1.4082,1.4118
0.16,1.934,-1.1617,-1.707,-10.815,6.839,-9.982,13.658,-4.748,-2.222,-10.073,-5.305,1.876,18.7,1.899,3.5455,-1.1772
-0.5295,-0.3191,0.5145,-2.127,-12.111,2.232,9.03,-11.18,9.339,-4.531,-11.873,-5.648,-3.069,4.737,-0.809,-0.6806,0.1105
2.1319,-0.6249,1.9505,-5.849,-1.607,-2.57,-9.274,-10.155,9.464,-5.292,9.792,8.599,1.869,-0.155,1.6833,-0.8676,2.3107
-1.2845,1.1454,2.4264,3.841,-9.56,6.048,-8.312,-9.18,-3.182,-3.776,-5.686,-3.96,9.863,7.912,-1.1072,1.3287,1.3128
-0.8453,0.4761,-1.7879,-2.949,-2.599,8.953,7.042,-12.4,4.991,-5.331,2.004,-12.655,10.372,10.224,-0.787,3.4175,-2.7618
2.6616,2.3305,1.1428,-5.588,-1.882,-8.237,12.371,-1.441,-0.957,-14.842,-7.777,-1.865,-4.229,-4.388,6.9277,1.8306,0.9526
-0.8751,-2.012,-0.8435,0.659,11.579,9.462,-10.956,7.135,-2.17,-12.505,-4.972,4.872,-18.415,-7.598,-2.1602,-0.9167,-1.8197
-1.0013,-0.4581,-1.0081,-0.991,-5.626,2.412,7.521,-10.337,-6.619,17.614,-2.782,0.291,1.915,-3.506,-1.429,0.8177,-2.1648
1.3095,-1.3319,1.8958,-1.7,-8.164,3.911,-3.277,-0.625,5.822,0.203,-0.533,2.431,-5.137,-1.345,0.0034,-1.5341,2.5191
1.6839,0.8113,-0.4579,2.155,4.89,-0.896,12.914,7.297,1.974,-1.72,-3.432,7.326,-3.971,3.756,3.0495,1.2686,-0.2465
0.018,0.0952,1.4063,4.273,-1.588,23.817,-7.334,-0.187,-3.965,4.973,-3.066,10.735,5.244,0.018,0.0262,-0.4644,1.5314
0.4556,1.53,0.14,-1.176,2.233,4.444,-3.705,4.548,0.799,-2.645,3.106,1.017,-19.683,13.529,1.9562,1.4268,0.3645
-0.0627,0.4898,1.5071,-6.498,-4.394,18.416,11.791,7.892,-6.425,2.803,-9.766,-0.367,3.242,2.416,0.2865,0.0323,1.6457
-0.8188,-1.2782,0.0072,-3.657,0.149,20.58,-2.67,3.337,2.239,2.658,15.253,-3.046,10.838,15.565,-1.6905,-1.274,-0.7632
-0.5615,-0.3926,-1.7824,-8.269,-2.003,9.615,4.797,-6.681,-1.958,4.223,2.89,1.686,-3.76,8.968,-0.9487,2.4983,-2.437
-0.7595,-2.4033,-0.2366,8.106,-7.3,4.741,-6.801,5.83,0.717,-9.739,-13.402,-15.467,3.368,3.414,-2.2325,-2.056,-1.0446
-0.5186,-1.1398,-0.4897,-5.633,-3.442,15.894,-0.31,-4.846,4.59,-11.273,-7.558,0.847,7.105,4.068,-1.3948,-0.5608,-0.9873
0.4488,0.3546,-1.9566,-0.806,-5.253,4.11,-0.568,10.784,-10.076,9.608,-6.504,-9.006,-12.624,2.946,0.8735,3.6987,-1.9518
-0.7936,1.1777,1.2798,-2.847,4.696,-16.012,-6.191,-2.497,0.196,-1.305,1.185,9.805,-6.078,0.546,-0.3056,0.6872,0.6506
-0.2856,0.6154,-0.5424,-4.19,-7.867,2.157,-11.917,3.226,10.763,-31.511,13.53,-0.93,10.342,6.9,0.0907,1.2101,-0.8493
-0.4116,-0.1688,1.1249,1.223,-11.282,2.645,-3.696,0.76,6.561,-6.554,5.719,-0.005,-2.872,3.054,-0.5753,-0.723,0.8764
0.8351,0.6463,-0.3192,-3.001,5.429,9.859,6.748,-2.896,1.737,-0.132,3.289,5.64,-2.533,-10.638,1.6993,0.986,0.0507
1.1166,0.0415,0.5115,-1.981,19.383,1.772,1.049,3.447,-7.117,8.154,9.877,-6.439,3.096,7.12,1.4093,-0.3727,0.9859
-0.1897,-0.5254,0.2992,-5.693,4.387,-7.449,10.72,-15.696,-15.062,1.047,-0.649,4.985,-10.596,-3.087,-0.6777,-0.7703,0.2191
-1.2899,0.1158,-1.2177,7.702,8.338,-6.032,0.956,3.277,5.279,5.002,-2.004,-8.177,-1.092,2.605,-1.5106,1.7939,-2.72
-0.4961,-0.9463,1.1418,-1.048,-14.035,5.361,5.185,1.312,3.258,0.816,-2.996,14.352,-3.704,-2.207,-1.1812,-1.418,0.8336
-1.5191,-2.004,1.134,-3.678,-0.515,-16.182,1.782,-2.112,7.229,-2.536,-3.871,-2.877,0.96,7.65,-2.5378,-2.4995,-0.5174
-0.4086,0.2527,-0.0145,13.506,7.751,5.98,-2.347,-12.233,-0.037,0.217,3.854,8.148,0.814,2.981,-0.3714,0.2975,-0.2911
0.1175,2.8583,0.0615,10.046,5.474,2.848,-2.112,-1.963,-2.926,-1.337,2.013,-3.421,-12.008,6.362,2.5568,2.784,0.1439
-1.6578,0.7703,0.5052,0.019,11.737,13.095,0.907,4.646,-2.269,-6.801,-11.666,-1.646,-5.09,0.821,-1.7469,0.4207,-1.403
0.0304,0.9797,1.252,-6.422,-8.017,9.597,1.593,6.739,13.771,1.394,1.54,-5.485,-6.394,4.266,0.8512,0.4352,1.4169
-1.694,-0.8597,-1.8884,1.064,-12.498,3.119,18.441,1.002,5.35,2.063,1.124,0.403,-8.736,-0.52,-2.2641,2.2398,-4.0688
1.2535,-1.009,0.3666,-2.162,-8.549,-3.904,1.886,14.325,-11.207,2.492,1.104,-13.414,-10.882,-9.861,0.3134,-1.2566,0.7801
0.4197,-0.5545,0.682,3.614,-8.337,2.804,-4.948,6.541,-0.013,10.077,3.023,11.033,-12.124,2.059,-0.0038,-1.021,1.0043
-0.4177,1.7672,-0.6985,3.629,4.103,12.887,1.431,-6.645,1.87,7.243,-3.023,8.218,3.695,-5.925,0.7558,2.6725,-1.0823
2.1446,-0.1609,-0.4468,2.854,3.925,-2.82,-14.498,-0.347,-11.395,-5.091,3.936,-10.629,2.479,-4.189,2.4191,0.3078,-0.3994
-0.995,-0.0335,-1.0482,-3.303,3.23,-2.446,12.233,-9.374,8.317,-6.509,-3.263,-6.66,5.157,0.984,-1.1839,1.3369,-2.1317
-1.1434,0.7485,-0.6973,-2.383,-0.159,5.544,2.636,7.69,-3.467,0.624,-1.838,5.94,5.307,19.149,-1.0447,1.5827,-1.9977
0.3161,1.3985,-0.1579,4.877,15.7,-11.717,-2.797,-12.973,-5.541,-0.604,-7.75,-10.877,-9.744,5.388,1.5999,1.5793,0.0256
1.1053,0.4601,1.434,-5.072,-7.434,14.177,7.305,-19.307,-15.263,-9.686,-2.347,-7.435,7.509,-3.139,1.8681,0.0069,1.9447
-0.4885,-0.8593,-0.1595,5.648,-0.403,0.111,-3.047,4.362,-7.504,7.717,2.817,-6.864,0.88,-7.892,-1.0795,-0.7069,-0.6009
-0.1268,-0.3765,-0.1599,3.965,11.925,-8.567,6.807,2.084,-13.23,-5.291,-10.742,7.56,-4.67,-9.406,-0.3749,-0.1998,-0.2606
0.124,0.1026,1.0074,-2.17,0.067,4.668,0.339,-7.491,-0.954,5.871,-2.662,7.124,8.727,18.324,0.2438,-0.3595,1.2107
-1.1121,0.8303,-2.1918,-8.319,1.945,0.359,5.589,-4.156,4.06,-6.384,3.589,-11.912,-6.506,1.603,-0.9753,4.7344,-3.5553
-0.992,-0.5842,-0.0379,-7.28,-5.228,8.317,5.116,-4.309,6.8,5.281,4.634,-5.666,-4.478,7.887,-1.476,-0.5716,-1.0758
-0.439,-0.4143,-0.8694,1.321,4.662,0.823,0.011,-3.295,0.01,1.717,7.2,-7.322,1.4,18.15,-0.7917,0.6436,-1.2761
-0.6813,0.6613,0.0293,5.35,-2.035,0.202,5.37,9.935,-3.739,5.317,-0.769,14.622,11.674,-7.312,-0.4185,0.6684,-0.6015
-1.8583,-0.3167,0.6518,1.35,10.54,5.75,3.841,-1.302,11.997,-4.255,-10.078,-1.107,9.962,-1.189,-2.3801,-0.7606,-1.6471
-1.3503,0.9572,-0.453,-4.229,-1.071,-6.679,-0.319,0.591,-1.766,6.202,-6.238,-3.364,-3.221,-1.22,-1.251,1.506,-1.9461
-0.2489,-0.7953,-0.0371,0.722,-6.66,2.686,-10.292,-9.4,-3.872,-12.886,-1.316,-8.788,1.887,-11.393,-0.865,-0.7828,-0.2358
-1.5794,-1.2727,-0.5747,2.863,12.885,4.625,10.625,3.108,2.411,2.717,0.179,-10.717,-8.856,-5.047,-2.3139,-0.6178,-2.5355
-1.708,0.4153,2.1862,-7.196,-1.237,8.254,7.576,-5.143,11.415,6.497,3.289,10.984,-3.16,10.273,-1.9361,0.3058,0.3575
-1.7917,0.2528,-0.3115,-5.41,4.161,-7.084,10.472,8.621,4.529,-9.027,6.033,-16.987,1.396,3.272,-2.1485,0.5199,-2.6204
-0.535,0.2277,-0.1315,-6.928,-13.827,1.741,-5.695,-0.961,-0.104,-7.143,12.496,7.796,-2.427,0.844,-0.5014,0.4281,-0.6434
0.7014,-1.4538,-1.2491,-4.739,4.72,2.022,-5.414,5.297,-1.602,10.759,-3.952,26.258,7.812,8.093,-0.6301,0.2915,-0.997
0.5796,0.5725,0.7855,-7.721,6.243,-9.957,14.515,-13.01,-0.862,2.062,-14.597,13.328,0.778,17.823,1.2276,0.1345,1.1486
0.3158,-0.0153,-0.247,0.106,4.213,2.948,7.523,9.854,6.647,0.719,-7.61,-2.178,20.24,-5.187,0.4057,0.2545,-0.0485
-0.6852,-0.6862,0.3682,0.847,11.633,0.071,-4.108,-13.036,-0.391,6.805,-0.547,3.847,10.3,10.57,-1.207,-0.9371,-0.2281
1.1374,1.3765,-0.3015,2.829,6.896,3.71,3.657,0.141,14.673,1.075,-4.189,-8.739,-15.013,-2.331,2.8918,1.6505,0.0338
-0.8783,-0.4305,-0.5069,2.316,-2.445,5.057,-2.757,-6.849,3.906,-3.67,-14.621,14.188,-16.47,18.356,-1.2746,0.043,-1.3754
0.296,-0.7124,1.4393,-6.652,-6.439,2.369,1.683,7.871,-0.238,18.056,-3.29,8.663,-4.812,11.014,-0.2787,-1.2184,1.7781
2.4159,1.3974,0.0077,6.436,8.635,-11.162,-4.148,-9.409,-8.733,11.266,5.486,-2.929,12.048,7.439,5.0403,1.3934,-0.0692
1.1846,-1.3005,0.1226,5.089,9.224,-4.271,7.461,2.66,6.079,-1.908,6.64,0.856,-6.738,-1.936,-0.058,-1.3493,0.5405
-0.5058,-0.3199,0.011,-4.737,-6.941,-7.86,-18.333,-6.923,18.788,-0.688,-1.862,5.303,5.607,9.349,-0.8075,-0.328,-0.4113
-0.5629,1.8579,-0.2742,6.867,10.058,-8.995,3.99,-2.539,-9.755,-10.302,-8.857,13.262,-2.049,-9.329,0.5147,2.0839,-0.8392
-1.0036,-0.1083,0.0884,0.345,17.884,10.262,-4.363,-3.298,3.124,0.293,13.369,13.477,5.655,6.942,-1.3181,-0.1649,-0.9067
-0.5582,-0.1037,1.3131,5.876,-4.803,9.555,3.132,-14.67,3.97,-3.705,9.404,15.397,-5.076,-8.425,-0.7455,-0.5588,0.9807
-0.5384,-1.5667,-1.7382,3.735,-6.902,-2.276,5,-7.569,-3.078,-2.445,10.715,-10.721,9.584,-4.925,-1.6879,1.1675,-2.3996
0.2753,0.0097,0.6844,5.649,-6.35,14.354,-2.187,3.894,-0.865,3.61,6.886,3.801,0.826,9.048,0.3071,-0.3712,0.8847
0.0563,0.0462,-0.1881,-2.87,11.426,20.758,-0.311,-2.549,-2.833,-1.842,3.729,10.651,7.201,-7.888,0.0615,0.2796,-0.2217
